Country ,Year ,Month ,Food Item ,Unit of Measurement,Average Price ,Currency ,Price in USD,Availability ,Quality 
Australia,2018,1,Bread,Loaf,2.20,AUD,1.47,1,High
Australia,2018,2,Bread,Loaf,2.20,AUD,1.48,1,High
Australia,2018,3,Bread,Loaf,2.20,AUD,1.48,1,High
Australia,2018,4,Bread,Loaf,2.21,AUD,1.48,1,High
Australia,2018,5,Bread,Loaf,2.21,AUD,1.48,1,High
Australia,2018,6,Bread,Loaf,2.22,AUD,1.49,1,High
Australia,2018,7,Bread,Loaf,2.22,AUD,1.49,1,High
Australia,2018,8,Bread,Loaf,2.22,AUD,1.49,1,High
Australia,2018,9,Bread,Loaf,2.23,AUD,1.50,1,High
Australia,2018,10,Bread,Loaf,2.23,AUD,1.50,1,High
Australia,2018,11,Bread,Loaf,2.24,AUD,1.50,1,High
Australia,2018,12,Bread,Loaf,2.24,AUD,1.50,1,High
Australia,2019,1,Bread,Loaf,2.24,AUD,1.51,1,High
Australia,2019,2,Bread,Loaf,2.25,AUD,1.51,1,High
Australia,2019,3,Bread,Loaf,2.26,AUD,1.52,1,High
Australia,2019,4,Bread,Loaf,2.27,AUD,1.53,1,High
Australia,2019,5,Bread,Loaf,2.28,AUD,1.53,1,High
Australia,2019,6,Bread,Loaf,2.29,AUD,1.54,1,High
Australia,2019,7,Bread,Loaf,2.30,AUD,1.55,1,High
Australia,2019,8,Bread,Loaf,2.31,AUD,1.55,1,High
Australia,2019,9,Bread,Loaf,2.32,AUD,1.56,1,High
Australia,2019,10,Bread,Loaf,2.33,AUD,1.57,1,High
Australia,2019,11,Bread,Loaf,2.34,AUD,1.57,1,High
Australia,2019,12,Bread,Loaf,2.35,AUD,1.58,1,High
Australia,2020,1,Bread,Loaf,2.36,AUD,1.59,1,High
Australia,2020,2,Bread,Loaf,2.37,AUD,1.59,1,High
Australia,2020,3,Bread,Loaf,2.37,AUD,1.59,1,High
Australia,2020,4,Bread,Loaf,2.37,AUD,1.59,1,High
Australia,2020,5,Bread,Loaf,2.38,AUD,1.59,1,High
Australia,2020,6,Bread,Loaf,2.38,AUD,1.60,1,High
Australia,2020,7,Bread,Loaf,2.38,AUD,1.60,1,High
Australia,2020,8,Bread,Loaf,2.39,AUD,1.60,1,High
Australia,2020,9,Bread,Loaf,2.39,AUD,1.60,1,High
Australia,2020,10,Bread,Loaf,2.39,AUD,1.60,1,High
Australia,2020,11,Bread,Loaf,2.39,AUD,1.61,1,High
Australia,2020,12,Bread,Loaf,2.40,AUD,1.61,1,High
Australia,2021,1,Bread,Loaf,2.40,AUD,1.61,1,High
Australia,2021,2,Bread,Loaf,2.43,AUD,1.63,1,High
Australia,2021,3,Bread,Loaf,2.45,AUD,1.64,1,High
Australia,2021,4,Bread,Loaf,2.48,AUD,1.66,1,High
Australia,2021,5,Bread,Loaf,2.50,AUD,1.68,1,High
Australia,2021,6,Bread,Loaf,2.53,AUD,1.69,1,High
Australia,2021,7,Bread,Loaf,2.55,AUD,1.71,1,High
Australia,2021,8,Bread,Loaf,2.58,AUD,1.73,1,High
Australia,2021,9,Bread,Loaf,2.60,AUD,1.74,1,High
Australia,2021,10,Bread,Loaf,2.63,AUD,1.76,1,High
Australia,2021,11,Bread,Loaf,2.65,AUD,1.78,1,High
Australia,2021,12,Bread,Loaf,2.68,AUD,1.80,1,High
Australia,2022,1,Bread,Loaf,2.70,AUD,1.81,1,High
Australia,2022,2,Bread,Loaf,2.72,AUD,1.83,1,High
Australia,2022,3,Bread,Loaf,2.74,AUD,1.84,1,High
Australia,2022,4,Bread,Loaf,2.76,AUD,1.85,1,High
Australia,2022,5,Bread,Loaf,2.78,AUD,1.87,1,High
Australia,2022,6,Bread,Loaf,2.80,AUD,1.88,1,High
Australia,2022,7,Bread,Loaf,2.82,AUD,1.89,1,High
Australia,2022,8,Bread,Loaf,2.84,AUD,1.91,1,High
Australia,2022,9,Bread,Loaf,2.86,AUD,1.92,1,High
Australia,2022,10,Bread,Loaf,2.88,AUD,1.93,1,High
Australia,2022,11,Bread,Loaf,2.90,AUD,1.95,1,High
Australia,2022,12,Bread,Loaf,2.92,AUD,1.96,1,High
Australia,2018,1,Milk,1 L,1.22,AUD,0.82,1,High
Australia,2018,2,Milk,1 L,1.23,AUD,0.83,1,High
Australia,2018,3,Milk,1 L,1.24,AUD,0.83,1,High
Australia,2018,4,Milk,1 L,1.25,AUD,0.84,1,High
Australia,2018,5,Milk,1 L,1.26,AUD,0.84,1,High
Australia,2018,6,Milk,1 L,1.27,AUD,0.85,1,High
Australia,2018,7,Milk,1 L,1.28,AUD,0.86,1,High
Australia,2018,8,Milk,1 L,1.28,AUD,0.86,1,High
Australia,2018,9,Milk,1 L,1.29,AUD,0.87,1,High
Australia,2018,10,Milk,1 L,1.30,AUD,0.87,1,High
Australia,2018,11,Milk,1 L,1.31,AUD,0.88,1,High
Australia,2018,12,Milk,1 L,1.32,AUD,0.89,1,High
Australia,2019,1,Milk,1 L,1.33,AUD,0.89,1,High
Australia,2019,2,Milk,1 L,1.34,AUD,0.90,1,High
Australia,2019,3,Milk,1 L,1.35,AUD,0.90,1,High
Australia,2019,4,Milk,1 L,1.36,AUD,0.91,1,High
Australia,2019,5,Milk,1 L,1.37,AUD,0.92,1,High
Australia,2019,6,Milk,1 L,1.37,AUD,0.92,1,High
Australia,2019,7,Milk,1 L,1.38,AUD,0.93,1,High
Australia,2019,8,Milk,1 L,1.39,AUD,0.93,1,High
Australia,2019,9,Milk,1 L,1.40,AUD,0.94,1,High
Australia,2019,10,Milk,1 L,1.41,AUD,0.95,1,High
Australia,2019,11,Milk,1 L,1.42,AUD,0.95,1,High
Australia,2019,12,Milk,1 L,1.43,AUD,0.96,1,High
Australia,2020,1,Milk,1 L,1.44,AUD,0.96,1,High
Australia,2020,2,Milk,1 L,1.44,AUD,0.97,1,High
Australia,2020,3,Milk,1 L,1.45,AUD,0.97,1,High
Australia,2020,4,Milk,1 L,1.45,AUD,0.97,1,High
Australia,2020,5,Milk,1 L,1.46,AUD,0.98,1,High
Australia,2020,6,Milk,1 L,1.46,AUD,0.98,1,High
Australia,2020,7,Milk,1 L,1.47,AUD,0.98,1,High
Australia,2020,8,Milk,1 L,1.47,AUD,0.99,1,High
Australia,2020,9,Milk,1 L,1.48,AUD,0.99,1,High
Australia,2020,10,Milk,1 L,1.48,AUD,0.99,1,High
Australia,2020,11,Milk,1 L,1.49,AUD,1.00,1,High
Australia,2020,12,Milk,1 L,1.49,AUD,1.00,1,High
Australia,2021,1,Milk,1 L,1.50,AUD,1.00,1,High
Australia,2021,2,Milk,1 L,1.52,AUD,1.02,1,High
Australia,2021,3,Milk,1 L,1.54,AUD,1.03,1,High
Australia,2021,4,Milk,1 L,1.56,AUD,1.04,1,High
Australia,2021,5,Milk,1 L,1.58,AUD,1.06,1,High
Australia,2021,6,Milk,1 L,1.60,AUD,1.07,1,High
Australia,2021,7,Milk,1 L,1.62,AUD,1.09,1,High
Australia,2021,8,Milk,1 L,1.64,AUD,1.10,1,High
Australia,2021,9,Milk,1 L,1.66,AUD,1.11,1,High
Australia,2021,10,Milk,1 L,1.68,AUD,1.13,1,High
Australia,2021,11,Milk,1 L,1.70,AUD,1.14,1,High
Australia,2021,12,Milk,1 L,1.72,AUD,1.15,1,High
Australia,2022,1,Milk,1 L,1.74,AUD,1.17,1,High
Australia,2022,2,Milk,1 L,1.74,AUD,1.17,1,High
Australia,2022,3,Milk,1 L,1.74,AUD,1.17,1,High
Australia,2022,4,Milk,1 L,1.75,AUD,1.17,1,High
Australia,2022,5,Milk,1 L,1.75,AUD,1.17,1,High
Australia,2022,6,Milk,1 L,1.75,AUD,1.18,1,High
Australia,2022,7,Milk,1 L,1.76,AUD,1.18,1,High
Australia,2022,8,Milk,1 L,1.76,AUD,1.18,1,High
Australia,2022,9,Milk,1 L,1.76,AUD,1.18,1,High
Australia,2022,10,Milk,1 L,1.76,AUD,1.18,1,High
Australia,2022,11,Milk,1 L,1.77,AUD,1.19,1,High
Australia,2022,12,Milk,1 L,1.77,AUD,1.19,1,High
Australia,2018,1,Eggs,Carton of 12,3.10,AUD,2.08,1,High
Australia,2018,2,Eggs,Carton of 12,3.12,AUD,2.09,1,High
Australia,2018,3,Eggs,Carton of 12,3.13,AUD,2.10,1,High
Australia,2018,4,Eggs,Carton of 12,3.14,AUD,2.11,1,High
Australia,2018,5,Eggs,Carton of 12,3.15,AUD,2.12,1,High
Australia,2018,6,Eggs,Carton of 12,3.17,AUD,2.13,1,High
Australia,2018,7,Eggs,Carton of 12,3.18,AUD,2.13,1,High
Australia,2018,8,Eggs,Carton of 12,3.19,AUD,2.14,1,High
Australia,2018,9,Eggs,Carton of 12,3.21,AUD,2.15,1,High
Australia,2018,10,Eggs,Carton of 12,3.22,AUD,2.16,1,High
Australia,2018,11,Eggs,Carton of 12,3.23,AUD,2.17,1,High
Australia,2018,12,Eggs,Carton of 12,3.25,AUD,2.18,1,High
Australia,2019,1,Eggs,Carton of 12,3.26,AUD,2.19,1,High
Australia,2019,2,Eggs,Carton of 12,3.27,AUD,2.20,1,High
Australia,2019,3,Eggs,Carton of 12,3.28,AUD,2.20,1,High
Australia,2019,4,Eggs,Carton of 12,3.30,AUD,2.21,1,High
Australia,2019,5,Eggs,Carton of 12,3.31,AUD,2.22,1,High
Australia,2019,6,Eggs,Carton of 12,3.32,AUD,2.23,1,High
Australia,2019,7,Eggs,Carton of 12,3.34,AUD,2.24,1,High
Australia,2019,8,Eggs,Carton of 12,3.35,AUD,2.25,1,High
Australia,2019,9,Eggs,Carton of 12,3.36,AUD,2.26,1,High
Australia,2019,10,Eggs,Carton of 12,3.38,AUD,2.27,1,High
Australia,2019,11,Eggs,Carton of 12,3.39,AUD,2.27,1,High
Australia,2019,12,Eggs,Carton of 12,3.40,AUD,2.28,1,High
Australia,2020,1,Eggs,Carton of 12,3.41,AUD,2.29,1,High
Australia,2020,2,Eggs,Carton of 12,3.43,AUD,2.30,1,High
Australia,2020,3,Eggs,Carton of 12,3.44,AUD,2.31,1,High
Australia,2020,4,Eggs,Carton of 12,3.45,AUD,2.32,1,High
Australia,2020,5,Eggs,Carton of 12,3.47,AUD,2.33,1,High
Australia,2020,6,Eggs,Carton of 12,3.48,AUD,2.33,1,High
Australia,2020,7,Eggs,Carton of 12,3.49,AUD,2.34,1,High
Australia,2020,8,Eggs,Carton of 12,3.51,AUD,2.35,1,High
Australia,2020,9,Eggs,Carton of 12,3.52,AUD,2.36,1,High
Australia,2020,10,Eggs,Carton of 12,3.53,AUD,2.37,1,High
Australia,2020,11,Eggs,Carton of 12,3.54,AUD,2.38,1,High
Australia,2020,12,Eggs,Carton of 12,3.56,AUD,2.39,1,High
Australia,2021,1,Eggs,Carton of 12,3.57,AUD,2.40,1,High
Australia,2021,2,Eggs,Carton of 12,3.69,AUD,2.48,1,High
Australia,2021,3,Eggs,Carton of 12,3.81,AUD,2.56,1,High
Australia,2021,4,Eggs,Carton of 12,3.93,AUD,2.64,1,High
Australia,2021,5,Eggs,Carton of 12,4.05,AUD,2.72,1,High
Australia,2021,6,Eggs,Carton of 12,4.17,AUD,2.80,1,High
Australia,2021,7,Eggs,Carton of 12,4.29,AUD,2.88,1,High
Australia,2021,8,Eggs,Carton of 12,4.41,AUD,2.96,1,High
Australia,2021,9,Eggs,Carton of 12,4.53,AUD,3.04,1,High
Australia,2021,10,Eggs,Carton of 12,4.65,AUD,3.12,1,High
Australia,2021,11,Eggs,Carton of 12,4.77,AUD,3.20,1,High
Australia,2021,12,Eggs,Carton of 12,4.89,AUD,3.28,1,High
Australia,2022,1,Eggs,Carton of 12,5.01,AUD,3.36,1,High
Australia,2022,2,Eggs,Carton of 12,5.10,AUD,3.42,1,High
Australia,2022,3,Eggs,Carton of 12,5.19,AUD,3.48,1,High
Australia,2022,4,Eggs,Carton of 12,5.28,AUD,3.54,1,High
Australia,2022,5,Eggs,Carton of 12,5.37,AUD,3.60,1,High
Australia,2022,6,Eggs,Carton of 12,5.46,AUD,3.66,1,High
Australia,2022,7,Eggs,Carton of 12,5.55,AUD,3.72,1,High
Australia,2022,8,Eggs,Carton of 12,5.64,AUD,3.79,1,High
Australia,2022,9,Eggs,Carton of 12,5.73,AUD,3.85,1,High
Australia,2022,10,Eggs,Carton of 12,5.82,AUD,3.91,1,High
Australia,2022,11,Eggs,Carton of 12,5.91,AUD,3.97,1,High
Australia,2022,12,Eggs,Carton of 12,6.00,AUD,4.03,1,High
Australia,2018,1,Potatoes,1 Kg,3.25,AUD,2.18,1,High
Australia,2018,2,Potatoes,1 Kg,3.25,AUD,2.18,1,High
Australia,2018,3,Potatoes,1 Kg,3.25,AUD,2.18,1,High
Australia,2018,4,Potatoes,1 Kg,3.26,AUD,2.18,1,High
Australia,2018,5,Potatoes,1 Kg,3.26,AUD,2.19,1,High
Australia,2018,6,Potatoes,1 Kg,3.26,AUD,2.19,1,High
Australia,2018,7,Potatoes,1 Kg,3.26,AUD,2.19,1,High
Australia,2018,8,Potatoes,1 Kg,3.26,AUD,2.19,1,High
Australia,2018,9,Potatoes,1 Kg,3.26,AUD,2.19,1,High
Australia,2018,10,Potatoes,1 Kg,3.26,AUD,2.19,1,High
Australia,2018,11,Potatoes,1 Kg,3.26,AUD,2.19,1,High
Australia,2018,12,Potatoes,1 Kg,3.26,AUD,2.19,1,High
Australia,2019,1,Potatoes,1 Kg,3.26,AUD,2.19,1,High
Australia,2019,2,Potatoes,1 Kg,3.28,AUD,2.20,1,High
Australia,2019,3,Potatoes,1 Kg,3.30,AUD,2.22,1,High
Australia,2019,4,Potatoes,1 Kg,3.32,AUD,2.23,1,High
Australia,2019,5,Potatoes,1 Kg,3.34,AUD,2.24,1,High
Australia,2019,6,Potatoes,1 Kg,3.36,AUD,2.26,1,High
Australia,2019,7,Potatoes,1 Kg,3.38,AUD,2.27,1,High
Australia,2019,8,Potatoes,1 Kg,3.40,AUD,2.28,1,High
Australia,2019,9,Potatoes,1 Kg,3.42,AUD,2.30,1,High
Australia,2019,10,Potatoes,1 Kg,3.44,AUD,2.31,1,High
Australia,2019,11,Potatoes,1 Kg,3.46,AUD,2.32,1,High
Australia,2019,12,Potatoes,1 Kg,3.48,AUD,2.34,1,High
Australia,2020,1,Potatoes,1 Kg,3.50,AUD,2.35,1,High
Australia,2020,2,Potatoes,1 Kg,3.52,AUD,2.37,1,High
Australia,2020,3,Potatoes,1 Kg,3.54,AUD,2.38,1,High
Australia,2020,4,Potatoes,1 Kg,3.56,AUD,2.39,1,High
Australia,2020,5,Potatoes,1 Kg,3.58,AUD,2.41,1,High
Australia,2020,6,Potatoes,1 Kg,3.60,AUD,2.42,1,High
Australia,2020,7,Potatoes,1 Kg,3.62,AUD,2.43,1,High
Australia,2020,8,Potatoes,1 Kg,3.64,AUD,2.45,1,High
Australia,2020,9,Potatoes,1 Kg,3.66,AUD,2.46,1,High
Australia,2020,10,Potatoes,1 Kg,3.68,AUD,2.47,1,High
Australia,2020,11,Potatoes,1 Kg,3.70,AUD,2.49,1,High
Australia,2020,12,Potatoes,1 Kg,3.72,AUD,2.50,1,High
Australia,2021,1,Potatoes,1 Kg,3.74,AUD,2.51,1,High
Australia,2021,2,Potatoes,1 Kg,3.75,AUD,2.51,1,High
Australia,2021,3,Potatoes,1 Kg,3.75,AUD,2.51,1,High
Australia,2021,4,Potatoes,1 Kg,3.75,AUD,2.51,1,High
Australia,2021,5,Potatoes,1 Kg,3.75,AUD,2.52,1,High
Australia,2021,6,Potatoes,1 Kg,3.75,AUD,2.52,1,High
Australia,2021,7,Potatoes,1 Kg,3.75,AUD,2.52,1,High
Australia,2021,8,Potatoes,1 Kg,3.75,AUD,2.52,1,High
Australia,2021,9,Potatoes,1 Kg,3.75,AUD,2.52,1,High
Australia,2021,10,Potatoes,1 Kg,3.75,AUD,2.52,1,High
Australia,2021,11,Potatoes,1 Kg,3.75,AUD,2.52,1,High
Australia,2021,12,Potatoes,1 Kg,3.76,AUD,2.52,1,High
Australia,2022,1,Potatoes,1 Kg,3.76,AUD,2.52,1,High
Australia,2022,2,Potatoes,1 Kg,3.79,AUD,2.54,1,High
Australia,2022,3,Potatoes,1 Kg,3.82,AUD,2.57,1,High
Australia,2022,4,Potatoes,1 Kg,3.86,AUD,2.59,1,High
Australia,2022,5,Potatoes,1 Kg,3.89,AUD,2.61,1,High
Australia,2022,6,Potatoes,1 Kg,3.93,AUD,2.63,1,High
Australia,2022,7,Potatoes,1 Kg,3.96,AUD,2.66,1,High
Australia,2022,8,Potatoes,1 Kg,3.99,AUD,2.68,1,High
Australia,2022,9,Potatoes,1 Kg,4.03,AUD,2.70,1,High
Australia,2022,10,Potatoes,1 Kg,4.06,AUD,2.73,1,High
Australia,2022,11,Potatoes,1 Kg,4.10,AUD,2.75,1,High
Australia,2022,12,Potatoes,1 Kg,4.13,AUD,2.77,1,High
Sweden,2018,1,Bread,Loaf,18.61,Kr,1.82,1,High
Sweden,2018,2,Bread,Loaf,18.66,Kr,1.83,1,High
Sweden,2018,3,Bread,Loaf,18.71,Kr,1.83,1,High
Sweden,2018,4,Bread,Loaf,18.76,Kr,1.84,1,High
Sweden,2018,5,Bread,Loaf,18.81,Kr,1.84,1,High
Sweden,2018,6,Bread,Loaf,18.86,Kr,1.85,1,High
Sweden,2018,7,Bread,Loaf,18.91,Kr,1.85,1,High
Sweden,2018,8,Bread,Loaf,18.96,Kr,1.86,1,High
Sweden,2018,9,Bread,Loaf,19.01,Kr,1.86,1,High
Sweden,2018,10,Bread,Loaf,19.06,Kr,1.87,1,High
Sweden,2018,11,Bread,Loaf,19.11,Kr,1.87,1,High
Sweden,2018,12,Bread,Loaf,19.16,Kr,1.88,1,High
Sweden,2019,1,Bread,Loaf,19.21,Kr,1.88,1,High
Sweden,2019,2,Bread,Loaf,19.36,Kr,1.90,1,High
Sweden,2019,3,Bread,Loaf,19.51,Kr,1.91,1,High
Sweden,2019,4,Bread,Loaf,19.66,Kr,1.93,1,High
Sweden,2019,5,Bread,Loaf,19.81,Kr,1.94,1,High
Sweden,2019,6,Bread,Loaf,19.96,Kr,1.96,1,High
Sweden,2019,7,Bread,Loaf,20.11,Kr,1.97,1,High
Sweden,2019,8,Bread,Loaf,20.26,Kr,1.99,1,High
Sweden,2019,9,Bread,Loaf,20.41,Kr,2.00,1,High
Sweden,2019,10,Bread,Loaf,20.56,Kr,2.01,1,High
Sweden,2019,11,Bread,Loaf,20.71,Kr,2.03,1,High
Sweden,2019,12,Bread,Loaf,20.86,Kr,2.04,1,High
Sweden,2020,1,Bread,Loaf,21.01,Kr,2.06,1,High
Sweden,2020,2,Bread,Loaf,21.02,Kr,2.06,1,High
Sweden,2020,3,Bread,Loaf,21.03,Kr,2.06,1,High
Sweden,2020,4,Bread,Loaf,21.04,Kr,2.06,1,High
Sweden,2020,5,Bread,Loaf,21.05,Kr,2.06,1,High
Sweden,2020,6,Bread,Loaf,21.06,Kr,2.06,1,High
Sweden,2020,7,Bread,Loaf,21.07,Kr,2.06,1,High
Sweden,2020,8,Bread,Loaf,21.08,Kr,2.07,1,High
Sweden,2020,9,Bread,Loaf,21.09,Kr,2.07,1,High
Sweden,2020,10,Bread,Loaf,21.10,Kr,2.07,1,High
Sweden,2020,11,Bread,Loaf,21.11,Kr,2.07,1,High
Sweden,2020,12,Bread,Loaf,21.12,Kr,2.07,1,High
Sweden,2021,1,Bread,Loaf,21.13,Kr,2.07,1,High
Sweden,2021,2,Bread,Loaf,21.30,Kr,2.09,1,High
Sweden,2021,3,Bread,Loaf,21.47,Kr,2.10,1,High
Sweden,2021,4,Bread,Loaf,21.64,Kr,2.12,1,High
Sweden,2021,5,Bread,Loaf,21.81,Kr,2.14,1,High
Sweden,2021,6,Bread,Loaf,21.98,Kr,2.15,1,High
Sweden,2021,7,Bread,Loaf,22.15,Kr,2.17,1,High
Sweden,2021,8,Bread,Loaf,22.32,Kr,2.19,1,High
Sweden,2021,9,Bread,Loaf,22.49,Kr,2.20,1,High
Sweden,2021,10,Bread,Loaf,22.66,Kr,2.22,1,High
Sweden,2021,11,Bread,Loaf,22.83,Kr,2.24,1,High
Sweden,2021,12,Bread,Loaf,23.00,Kr,2.25,1,High
Sweden,2022,1,Bread,Loaf,23.17,Kr,2.27,1,High
Sweden,2022,2,Bread,Loaf,23.41,Kr,2.29,1,High
Sweden,2022,3,Bread,Loaf,23.65,Kr,2.32,1,High
Sweden,2022,4,Bread,Loaf,23.89,Kr,2.34,1,High
Sweden,2022,5,Bread,Loaf,24.13,Kr,2.36,1,High
Sweden,2022,6,Bread,Loaf,24.37,Kr,2.39,1,High
Sweden,2022,7,Bread,Loaf,24.61,Kr,2.41,1,High
Sweden,2022,8,Bread,Loaf,24.85,Kr,2.44,1,High
Sweden,2022,9,Bread,Loaf,25.09,Kr,2.46,1,High
Sweden,2022,10,Bread,Loaf,25.33,Kr,2.48,1,High
Sweden,2022,11,Bread,Loaf,25.57,Kr,2.51,1,High
Sweden,2022,12,Bread,Loaf,25.81,Kr,2.53,1,High
Sweden,2018,1,Milk,1 L,10.18,Kr,1.00,1,High
Sweden,2018,2,Milk,1 L,10.23,Kr,1.00,1,High
Sweden,2018,3,Milk,1 L,10.28,Kr,1.01,1,High
Sweden,2018,4,Milk,1 L,10.33,Kr,1.01,1,High
Sweden,2018,5,Milk,1 L,10.38,Kr,1.02,1,High
Sweden,2018,6,Milk,1 L,10.43,Kr,1.02,1,High
Sweden,2018,7,Milk,1 L,10.48,Kr,1.03,1,High
Sweden,2018,8,Milk,1 L,10.53,Kr,1.03,1,High
Sweden,2018,9,Milk,1 L,10.58,Kr,1.04,1,High
Sweden,2018,10,Milk,1 L,10.63,Kr,1.04,1,High
Sweden,2018,11,Milk,1 L,10.68,Kr,1.05,1,High
Sweden,2018,12,Milk,1 L,10.73,Kr,1.05,1,High
Sweden,2019,1,Milk,1 L,10.78,Kr,1.06,1,High
Sweden,2019,2,Milk,1 L,10.86,Kr,1.06,1,High
Sweden,2019,3,Milk,1 L,10.94,Kr,1.07,1,High
Sweden,2019,4,Milk,1 L,11.02,Kr,1.08,1,High
Sweden,2019,5,Milk,1 L,11.10,Kr,1.09,1,High
Sweden,2019,6,Milk,1 L,11.18,Kr,1.10,1,High
Sweden,2019,7,Milk,1 L,11.26,Kr,1.10,1,High
Sweden,2019,8,Milk,1 L,11.34,Kr,1.11,1,High
Sweden,2019,9,Milk,1 L,11.42,Kr,1.12,1,High
Sweden,2019,10,Milk,1 L,11.50,Kr,1.13,1,High
Sweden,2019,11,Milk,1 L,11.58,Kr,1.14,1,High
Sweden,2019,12,Milk,1 L,11.66,Kr,1.14,1,High
Sweden,2020,1,Milk,1 L,11.74,Kr,1.15,1,High
Sweden,2020,2,Milk,1 L,11.76,Kr,1.15,1,High
Sweden,2020,3,Milk,1 L,11.78,Kr,1.15,1,High
Sweden,2020,4,Milk,1 L,11.80,Kr,1.16,1,High
Sweden,2020,5,Milk,1 L,11.82,Kr,1.16,1,High
Sweden,2020,6,Milk,1 L,11.84,Kr,1.16,1,High
Sweden,2020,7,Milk,1 L,11.86,Kr,1.16,1,High
Sweden,2020,8,Milk,1 L,11.88,Kr,1.16,1,High
Sweden,2020,9,Milk,1 L,11.90,Kr,1.17,1,High
Sweden,2020,10,Milk,1 L,11.92,Kr,1.17,1,High
Sweden,2020,11,Milk,1 L,11.94,Kr,1.17,1,High
Sweden,2020,12,Milk,1 L,11.96,Kr,1.17,1,High
Sweden,2021,1,Milk,1 L,11.98,Kr,1.17,1,High
Sweden,2021,2,Milk,1 L,12.07,Kr,1.18,1,High
Sweden,2021,3,Milk,1 L,12.16,Kr,1.19,1,High
Sweden,2021,4,Milk,1 L,12.24,Kr,1.20,1,High
Sweden,2021,5,Milk,1 L,12.33,Kr,1.21,1,High
Sweden,2021,6,Milk,1 L,12.41,Kr,1.22,1,High
Sweden,2021,7,Milk,1 L,12.50,Kr,1.22,1,High
Sweden,2021,8,Milk,1 L,12.59,Kr,1.23,1,High
Sweden,2021,9,Milk,1 L,12.67,Kr,1.24,1,High
Sweden,2021,10,Milk,1 L,12.76,Kr,1.25,1,High
Sweden,2021,11,Milk,1 L,12.84,Kr,1.26,1,High
Sweden,2021,12,Milk,1 L,12.93,Kr,1.27,1,High
Sweden,2022,1,Milk,1 L,13.02,Kr,1.28,1,High
Sweden,2022,2,Milk,1 L,13.12,Kr,1.29,1,High
Sweden,2022,3,Milk,1 L,13.23,Kr,1.30,1,High
Sweden,2022,4,Milk,1 L,13.33,Kr,1.31,1,High
Sweden,2022,5,Milk,1 L,13.44,Kr,1.32,1,High
Sweden,2022,6,Milk,1 L,13.54,Kr,1.33,1,High
Sweden,2022,7,Milk,1 L,13.65,Kr,1.34,1,High
Sweden,2022,8,Milk,1 L,13.75,Kr,1.35,1,High
Sweden,2022,9,Milk,1 L,13.86,Kr,1.36,1,High
Sweden,2022,10,Milk,1 L,13.96,Kr,1.37,1,High
Sweden,2022,11,Milk,1 L,14.07,Kr,1.38,1,High
Sweden,2022,12,Milk,1 L,14.17,Kr,1.39,1,High
Sweden,2018,1,Eggs,Carton of 12,26.08,Kr,2.56,1,High
Sweden,2018,2,Eggs,Carton of 12,26.10,Kr,2.56,1,High
Sweden,2018,3,Eggs,Carton of 12,26.12,Kr,2.56,1,High
Sweden,2018,4,Eggs,Carton of 12,26.14,Kr,2.56,1,High
Sweden,2018,5,Eggs,Carton of 12,26.16,Kr,2.56,1,High
Sweden,2018,6,Eggs,Carton of 12,26.18,Kr,2.57,1,High
Sweden,2018,7,Eggs,Carton of 12,26.20,Kr,2.57,1,High
Sweden,2018,8,Eggs,Carton of 12,26.22,Kr,2.57,1,High
Sweden,2018,9,Eggs,Carton of 12,26.24,Kr,2.57,1,High
Sweden,2018,10,Eggs,Carton of 12,26.26,Kr,2.57,1,High
Sweden,2018,11,Eggs,Carton of 12,26.28,Kr,2.58,1,High
Sweden,2018,12,Eggs,Carton of 12,26.30,Kr,2.58,1,High
Sweden,2019,1,Eggs,Carton of 12,26.32,Kr,2.58,1,High
Sweden,2019,2,Eggs,Carton of 12,26.57,Kr,2.60,1,High
Sweden,2019,3,Eggs,Carton of 12,26.82,Kr,2.63,1,High
Sweden,2019,4,Eggs,Carton of 12,27.07,Kr,2.65,1,High
Sweden,2019,5,Eggs,Carton of 12,27.32,Kr,2.68,1,High
Sweden,2019,6,Eggs,Carton of 12,27.57,Kr,2.70,1,High
Sweden,2019,7,Eggs,Carton of 12,27.82,Kr,2.73,1,High
Sweden,2019,8,Eggs,Carton of 12,28.07,Kr,2.75,1,High
Sweden,2019,9,Eggs,Carton of 12,28.32,Kr,2.78,1,High
Sweden,2019,10,Eggs,Carton of 12,28.57,Kr,2.80,1,High
Sweden,2019,11,Eggs,Carton of 12,28.82,Kr,2.82,1,High
Sweden,2019,12,Eggs,Carton of 12,29.07,Kr,2.85,1,High
Sweden,2020,1,Eggs,Carton of 12,29.32,Kr,2.87,1,High
Sweden,2020,2,Eggs,Carton of 12,29.39,Kr,2.88,1,High
Sweden,2020,3,Eggs,Carton of 12,29.47,Kr,2.89,1,High
Sweden,2020,4,Eggs,Carton of 12,29.55,Kr,2.90,1,High
Sweden,2020,5,Eggs,Carton of 12,29.62,Kr,2.90,1,High
Sweden,2020,6,Eggs,Carton of 12,29.70,Kr,2.91,1,High
Sweden,2020,7,Eggs,Carton of 12,29.77,Kr,2.92,1,High
Sweden,2020,8,Eggs,Carton of 12,29.85,Kr,2.93,1,High
Sweden,2020,9,Eggs,Carton of 12,29.93,Kr,2.93,1,High
Sweden,2020,10,Eggs,Carton of 12,30.00,Kr,2.94,1,High
Sweden,2020,11,Eggs,Carton of 12,30.08,Kr,2.95,1,High
Sweden,2020,12,Eggs,Carton of 12,30.15,Kr,2.96,1,High
Sweden,2021,1,Eggs,Carton of 12,30.23,Kr,2.96,1,High
Sweden,2021,2,Eggs,Carton of 12,30.43,Kr,2.98,1,High
Sweden,2021,3,Eggs,Carton of 12,30.63,Kr,3.00,1,High
Sweden,2021,4,Eggs,Carton of 12,30.83,Kr,3.02,1,High
Sweden,2021,5,Eggs,Carton of 12,31.03,Kr,3.04,1,High
Sweden,2021,6,Eggs,Carton of 12,31.23,Kr,3.06,1,High
Sweden,2021,7,Eggs,Carton of 12,31.43,Kr,3.08,1,High
Sweden,2021,8,Eggs,Carton of 12,31.63,Kr,3.10,1,High
Sweden,2021,9,Eggs,Carton of 12,31.83,Kr,3.12,1,High
Sweden,2021,10,Eggs,Carton of 12,32.03,Kr,3.14,1,High
Sweden,2021,11,Eggs,Carton of 12,32.23,Kr,3.16,1,High
Sweden,2021,12,Eggs,Carton of 12,32.43,Kr,3.18,1,High
Sweden,2022,1,Eggs,Carton of 12,32.63,Kr,3.20,1,High
Sweden,2022,2,Eggs,Carton of 12,32.90,Kr,3.22,1,High
Sweden,2022,3,Eggs,Carton of 12,33.17,Kr,3.25,1,High
Sweden,2022,4,Eggs,Carton of 12,33.44,Kr,3.28,1,High
Sweden,2022,5,Eggs,Carton of 12,33.71,Kr,3.30,1,High
Sweden,2022,6,Eggs,Carton of 12,33.98,Kr,3.33,1,High
Sweden,2022,7,Eggs,Carton of 12,34.25,Kr,3.36,1,High
Sweden,2022,8,Eggs,Carton of 12,34.52,Kr,3.38,1,High
Sweden,2022,9,Eggs,Carton of 12,34.79,Kr,3.41,1,High
Sweden,2022,10,Eggs,Carton of 12,35.06,Kr,3.44,1,High
Sweden,2022,11,Eggs,Carton of 12,35.33,Kr,3.46,1,High
Sweden,2022,12,Eggs,Carton of 12,35.60,Kr,3.49,1,High
Sweden,2018,1,Potatoes,1 Kg,11.10,Kr,1.09,1,High
Sweden,2018,2,Potatoes,1 Kg,11.12,Kr,1.09,1,High
Sweden,2018,3,Potatoes,1 Kg,11.14,Kr,1.09,1,High
Sweden,2018,4,Potatoes,1 Kg,11.16,Kr,1.09,1,High
Sweden,2018,5,Potatoes,1 Kg,11.18,Kr,1.10,1,High
Sweden,2018,6,Potatoes,1 Kg,11.20,Kr,1.10,1,High
Sweden,2018,7,Potatoes,1 Kg,11.22,Kr,1.10,1,High
Sweden,2018,8,Potatoes,1 Kg,11.25,Kr,1.10,1,High
Sweden,2018,9,Potatoes,1 Kg,11.27,Kr,1.10,1,High
Sweden,2018,10,Potatoes,1 Kg,11.29,Kr,1.11,1,High
Sweden,2018,11,Potatoes,1 Kg,11.31,Kr,1.11,1,High
Sweden,2018,12,Potatoes,1 Kg,11.33,Kr,1.11,1,High
Sweden,2019,1,Potatoes,1 Kg,11.35,Kr,1.11,1,High
Sweden,2019,2,Potatoes,1 Kg,11.37,Kr,1.11,1,High
Sweden,2019,3,Potatoes,1 Kg,11.39,Kr,1.12,1,High
Sweden,2019,4,Potatoes,1 Kg,11.41,Kr,1.12,1,High
Sweden,2019,5,Potatoes,1 Kg,11.43,Kr,1.12,1,High
Sweden,2019,6,Potatoes,1 Kg,11.45,Kr,1.12,1,High
Sweden,2019,7,Potatoes,1 Kg,11.47,Kr,1.12,1,High
Sweden,2019,8,Potatoes,1 Kg,11.49,Kr,1.13,1,High
Sweden,2019,9,Potatoes,1 Kg,11.51,Kr,1.13,1,High
Sweden,2019,10,Potatoes,1 Kg,11.53,Kr,1.13,1,High
Sweden,2019,11,Potatoes,1 Kg,11.55,Kr,1.13,1,High
Sweden,2019,12,Potatoes,1 Kg,11.57,Kr,1.13,1,High
Sweden,2020,1,Potatoes,1 Kg,11.59,Kr,1.14,1,High
Sweden,2020,2,Potatoes,1 Kg,11.62,Kr,1.14,1,High
Sweden,2020,3,Potatoes,1 Kg,11.65,Kr,1.14,1,High
Sweden,2020,4,Potatoes,1 Kg,11.68,Kr,1.14,1,High
Sweden,2020,5,Potatoes,1 Kg,11.71,Kr,1.15,1,High
Sweden,2020,6,Potatoes,1 Kg,11.74,Kr,1.15,1,High
Sweden,2020,7,Potatoes,1 Kg,11.77,Kr,1.15,1,High
Sweden,2020,8,Potatoes,1 Kg,11.80,Kr,1.16,1,High
Sweden,2020,9,Potatoes,1 Kg,11.83,Kr,1.16,1,High
Sweden,2020,10,Potatoes,1 Kg,11.86,Kr,1.16,1,High
Sweden,2020,11,Potatoes,1 Kg,11.89,Kr,1.17,1,High
Sweden,2020,12,Potatoes,1 Kg,11.92,Kr,1.17,1,High
Sweden,2021,1,Potatoes,1 Kg,11.95,Kr,1.17,1,High
Sweden,2021,2,Potatoes,1 Kg,12.03,Kr,1.18,1,High
Sweden,2021,3,Potatoes,1 Kg,12.11,Kr,1.19,1,High
Sweden,2021,4,Potatoes,1 Kg,12.19,Kr,1.19,1,High
Sweden,2021,5,Potatoes,1 Kg,12.27,Kr,1.20,1,High
Sweden,2021,6,Potatoes,1 Kg,12.35,Kr,1.21,1,High
Sweden,2021,7,Potatoes,1 Kg,12.43,Kr,1.22,1,High
Sweden,2021,8,Potatoes,1 Kg,12.51,Kr,1.23,1,High
Sweden,2021,9,Potatoes,1 Kg,12.59,Kr,1.23,1,High
Sweden,2021,10,Potatoes,1 Kg,12.67,Kr,1.24,1,High
Sweden,2021,11,Potatoes,1 Kg,12.75,Kr,1.25,1,High
Sweden,2021,12,Potatoes,1 Kg,12.83,Kr,1.26,1,High
Sweden,2022,1,Potatoes,1 Kg,12.91,Kr,1.27,1,High
Sweden,2022,2,Potatoes,1 Kg,13.03,Kr,1.28,1,High
Sweden,2022,3,Potatoes,1 Kg,13.15,Kr,1.29,1,High
Sweden,2022,4,Potatoes,1 Kg,13.27,Kr,1.30,1,High
Sweden,2022,5,Potatoes,1 Kg,13.39,Kr,1.31,1,High
Sweden,2022,6,Potatoes,1 Kg,13.51,Kr,1.32,1,High
Sweden,2022,7,Potatoes,1 Kg,13.63,Kr,1.34,1,High
Sweden,2022,8,Potatoes,1 Kg,13.75,Kr,1.35,1,High
Sweden,2022,9,Potatoes,1 Kg,13.87,Kr,1.36,1,High
Sweden,2022,10,Potatoes,1 Kg,13.99,Kr,1.37,1,High
Sweden,2022,11,Potatoes,1 Kg,14.11,Kr,1.38,1,High
Sweden,2022,12,Potatoes,1 Kg,14.23,Kr,1.39,1,High
Japan,2018,1,Bread,Loaf,186.39,JPY ,1.34,1,High
Japan,2018,2,Bread,Loaf,186.87,JPY ,1.35,1,High
Japan,2018,3,Bread,Loaf,187.35,JPY ,1.35,1,High
Japan,2018,4,Bread,Loaf,187.83,JPY ,1.35,1,High
Japan,2018,5,Bread,Loaf,188.31,JPY ,1.36,1,High
Japan,2018,6,Bread,Loaf,188.79,JPY ,1.36,1,High
Japan,2018,7,Bread,Loaf,189.27,JPY ,1.36,1,High
Japan,2018,8,Bread,Loaf,189.75,JPY ,1.37,1,High
Japan,2018,9,Bread,Loaf,190.23,JPY ,1.37,1,High
Japan,2018,10,Bread,Loaf,190.71,JPY ,1.37,1,High
Japan,2018,11,Bread,Loaf,191.19,JPY ,1.38,1,High
Japan,2018,12,Bread,Loaf,191.67,JPY ,1.38,1,High
Japan,2019,1,Bread,Loaf,192.15,JPY ,1.38,1,High
Japan,2019,2,Bread,Loaf,192.48,JPY ,1.39,1,High
Japan,2019,3,Bread,Loaf,192.81,JPY ,1.39,1,High
Japan,2019,4,Bread,Loaf,193.14,JPY ,1.39,1,High
Japan,2019,5,Bread,Loaf,193.47,JPY ,1.39,1,High
Japan,2019,6,Bread,Loaf,193.80,JPY ,1.40,1,High
Japan,2019,7,Bread,Loaf,194.13,JPY ,1.40,1,High
Japan,2019,8,Bread,Loaf,194.46,JPY ,1.40,1,High
Japan,2019,9,Bread,Loaf,194.79,JPY ,1.40,1,High
Japan,2019,10,Bread,Loaf,195.12,JPY ,1.40,1,High
Japan,2019,11,Bread,Loaf,195.45,JPY ,1.41,1,High
Japan,2019,12,Bread,Loaf,195.78,JPY ,1.41,1,High
Japan,2020,1,Bread,Loaf,196.11,JPY ,1.41,1,High
Japan,2020,2,Bread,Loaf,195.73,JPY ,1.41,1,High
Japan,2020,3,Bread,Loaf,195.35,JPY ,1.41,1,High
Japan,2020,4,Bread,Loaf,194.96,JPY ,1.40,1,High
Japan,2020,5,Bread,Loaf,194.58,JPY ,1.40,1,High
Japan,2020,6,Bread,Loaf,194.20,JPY ,1.40,1,High
Japan,2020,7,Bread,Loaf,193.81,JPY ,1.40,1,High
Japan,2020,8,Bread,Loaf,193.43,JPY ,1.39,1,High
Japan,2020,9,Bread,Loaf,193.05,JPY ,1.39,1,High
Japan,2020,10,Bread,Loaf,192.66,JPY ,1.39,1,High
Japan,2020,11,Bread,Loaf,192.28,JPY ,1.38,1,High
Japan,2020,12,Bread,Loaf,191.90,JPY ,1.38,1,High
Japan,2021,1,Bread,Loaf,191.52,JPY ,1.38,1,High
Japan,2021,2,Bread,Loaf,192.01,JPY ,1.38,1,High
Japan,2021,3,Bread,Loaf,192.50,JPY ,1.39,1,High
Japan,2021,4,Bread,Loaf,192.99,JPY ,1.39,1,High
Japan,2021,5,Bread,Loaf,193.48,JPY ,1.39,1,High
Japan,2021,6,Bread,Loaf,193.97,JPY ,1.40,1,High
Japan,2021,7,Bread,Loaf,194.46,JPY ,1.40,1,High
Japan,2021,8,Bread,Loaf,194.95,JPY ,1.40,1,High
Japan,2021,9,Bread,Loaf,195.44,JPY ,1.41,1,High
Japan,2021,10,Bread,Loaf,195.93,JPY ,1.41,1,High
Japan,2021,11,Bread,Loaf,196.42,JPY ,1.41,1,High
Japan,2021,12,Bread,Loaf,196.91,JPY ,1.42,1,High
Japan,2022,1,Bread,Loaf,197.40,JPY ,1.42,1,High
Japan,2022,2,Bread,Loaf,198.62,JPY ,1.43,1,High
Japan,2022,3,Bread,Loaf,199.85,JPY ,1.44,1,High
Japan,2022,4,Bread,Loaf,201.07,JPY ,1.45,1,High
Japan,2022,5,Bread,Loaf,202.30,JPY ,1.46,1,High
Japan,2022,6,Bread,Loaf,203.52,JPY ,1.47,1,High
Japan,2022,7,Bread,Loaf,204.75,JPY ,1.47,1,High
Japan,2022,8,Bread,Loaf,205.97,JPY ,1.48,1,High
Japan,2022,9,Bread,Loaf,207.20,JPY ,1.49,1,High
Japan,2022,10,Bread,Loaf,208.42,JPY ,1.50,1,High
Japan,2022,11,Bread,Loaf,209.65,JPY ,1.51,1,High
Japan,2022,12,Bread,Loaf,210.87,JPY ,1.52,1,High
Japan,2018,1,Milk,1 L,186.24,JPY ,1.34,1,High
Japan,2018,2,Milk,1 L,186.40,JPY ,1.34,1,High
Japan,2018,3,Milk,1 L,186.56,JPY ,1.34,1,High
Japan,2018,4,Milk,1 L,186.72,JPY ,1.34,1,High
Japan,2018,5,Milk,1 L,186.88,JPY ,1.35,1,High
Japan,2018,6,Milk,1 L,187.04,JPY ,1.35,1,High
Japan,2018,7,Milk,1 L,187.20,JPY ,1.35,1,High
Japan,2018,8,Milk,1 L,187.36,JPY ,1.35,1,High
Japan,2018,9,Milk,1 L,187.52,JPY ,1.35,1,High
Japan,2018,10,Milk,1 L,187.68,JPY ,1.35,1,High
Japan,2018,11,Milk,1 L,187.84,JPY ,1.35,1,High
Japan,2018,12,Milk,1 L,188.00,JPY ,1.35,1,High
Japan,2019,1,Milk,1 L,188.16,JPY ,1.35,1,High
Japan,2019,2,Milk,1 L,188.21,JPY ,1.36,1,High
Japan,2019,3,Milk,1 L,188.26,JPY ,1.36,1,High
Japan,2019,4,Milk,1 L,188.31,JPY ,1.36,1,High
Japan,2019,5,Milk,1 L,188.36,JPY ,1.36,1,High
Japan,2019,6,Milk,1 L,188.41,JPY ,1.36,1,High
Japan,2019,7,Milk,1 L,188.46,JPY ,1.36,1,High
Japan,2019,8,Milk,1 L,188.51,JPY ,1.36,1,High
Japan,2019,9,Milk,1 L,189.24,JPY ,1.36,1,High
Japan,2019,10,Milk,1 L,189.97,JPY ,1.37,1,High
Japan,2019,11,Milk,1 L,190.70,JPY ,1.37,1,High
Japan,2019,12,Milk,1 L,191.43,JPY ,1.38,1,High
Japan,2020,1,Milk,1 L,192.16,JPY ,1.38,1,High
Japan,2020,2,Milk,1 L,192.17,JPY ,1.38,1,High
Japan,2020,3,Milk,1 L,192.19,JPY ,1.38,1,High
Japan,2020,4,Milk,1 L,192.20,JPY ,1.38,1,High
Japan,2020,5,Milk,1 L,192.22,JPY ,1.38,1,High
Japan,2020,6,Milk,1 L,192.23,JPY ,1.38,1,High
Japan,2020,7,Milk,1 L,192.24,JPY ,1.38,1,High
Japan,2020,8,Milk,1 L,192.26,JPY ,1.38,1,High
Japan,2020,9,Milk,1 L,192.27,JPY ,1.38,1,High
Japan,2020,10,Milk,1 L,192.29,JPY ,1.38,1,High
Japan,2020,11,Milk,1 L,192.30,JPY ,1.38,1,High
Japan,2020,12,Milk,1 L,192.31,JPY ,1.38,1,High
Japan,2021,1,Milk,1 L,192.33,JPY ,1.38,1,High
Japan,2021,2,Milk,1 L,192.34,JPY ,1.38,1,High
Japan,2021,3,Milk,1 L,192.36,JPY ,1.38,1,High
Japan,2021,4,Milk,1 L,192.37,JPY ,1.39,1,High
Japan,2021,5,Milk,1 L,192.38,JPY ,1.39,1,High
Japan,2021,6,Milk,1 L,192.40,JPY ,1.39,1,High
Japan,2021,7,Milk,1 L,192.41,JPY ,1.39,1,High
Japan,2021,8,Milk,1 L,192.43,JPY ,1.39,1,High
Japan,2021,9,Milk,1 L,192.44,JPY ,1.39,1,High
Japan,2021,10,Milk,1 L,192.45,JPY ,1.39,1,High
Japan,2021,11,Milk,1 L,192.47,JPY ,1.39,1,High
Japan,2021,12,Milk,1 L,192.48,JPY ,1.39,1,High
Japan,2022,1,Milk,1 L,192.50,JPY ,1.39,1,High
Japan,2022,2,Milk,1 L,192.51,JPY ,1.39,1,High
Japan,2022,3,Milk,1 L,192.92,JPY ,1.39,1,High
Japan,2022,4,Milk,1 L,193.33,JPY ,1.39,1,High
Japan,2022,5,Milk,1 L,193.74,JPY ,1.39,1,High
Japan,2022,6,Milk,1 L,194.15,JPY ,1.40,1,High
Japan,2022,7,Milk,1 L,194.56,JPY ,1.40,1,High
Japan,2022,8,Milk,1 L,194.97,JPY ,1.40,1,High
Japan,2022,9,Milk,1 L,195.38,JPY ,1.41,1,High
Japan,2022,10,Milk,1 L,195.79,JPY ,1.41,1,High
Japan,2022,11,Milk,1 L,196.20,JPY ,1.41,1,High
Japan,2022,12,Milk,1 L,196.61,JPY ,1.42,1,High
Japan,2018,1,Eggs,Carton of 12,222.68,JPY ,1.60,1,High
Japan,2018,2,Eggs,Carton of 12,222.70,JPY ,1.60,1,High
Japan,2018,3,Eggs,Carton of 12,222.71,JPY ,1.60,1,High
Japan,2018,4,Eggs,Carton of 12,222.73,JPY ,1.60,1,High
Japan,2018,5,Eggs,Carton of 12,222.74,JPY ,1.60,1,High
Japan,2018,6,Eggs,Carton of 12,222.76,JPY ,1.60,1,High
Japan,2018,7,Eggs,Carton of 12,222.77,JPY ,1.60,1,High
Japan,2018,8,Eggs,Carton of 12,222.79,JPY ,1.60,1,High
Japan,2018,9,Eggs,Carton of 12,222.80,JPY ,1.60,1,High
Japan,2018,10,Eggs,Carton of 12,222.82,JPY ,1.60,1,High
Japan,2018,11,Eggs,Carton of 12,222.83,JPY ,1.60,1,High
Japan,2018,12,Eggs,Carton of 12,222.85,JPY ,1.60,1,High
Japan,2019,1,Eggs,Carton of 12,222.86,JPY ,1.60,1,High
Japan,2019,2,Eggs,Carton of 12,223.64,JPY ,1.61,1,High
Japan,2019,3,Eggs,Carton of 12,224.42,JPY ,1.62,1,High
Japan,2019,4,Eggs,Carton of 12,225.20,JPY ,1.62,1,High
Japan,2019,5,Eggs,Carton of 12,225.98,JPY ,1.63,1,High
Japan,2019,6,Eggs,Carton of 12,226.76,JPY ,1.63,1,High
Japan,2019,7,Eggs,Carton of 12,227.54,JPY ,1.64,1,High
Japan,2019,8,Eggs,Carton of 12,228.32,JPY ,1.64,1,High
Japan,2019,9,Eggs,Carton of 12,229.10,JPY ,1.65,1,High
Japan,2019,10,Eggs,Carton of 12,229.88,JPY ,1.66,1,High
Japan,2019,11,Eggs,Carton of 12,230.66,JPY ,1.66,1,High
Japan,2019,12,Eggs,Carton of 12,231.44,JPY ,1.67,1,High
Japan,2020,1,Eggs,Carton of 12,232.22,JPY ,1.67,1,High
Japan,2020,2,Eggs,Carton of 12,233.06,JPY ,1.68,1,High
Japan,2020,3,Eggs,Carton of 12,233.90,JPY ,1.68,1,High
Japan,2020,4,Eggs,Carton of 12,234.74,JPY ,1.69,1,High
Japan,2020,5,Eggs,Carton of 12,235.58,JPY ,1.70,1,High
Japan,2020,6,Eggs,Carton of 12,236.42,JPY ,1.70,1,High
Japan,2020,7,Eggs,Carton of 12,237.26,JPY ,1.71,1,High
Japan,2020,8,Eggs,Carton of 12,238.10,JPY ,1.71,1,High
Japan,2020,9,Eggs,Carton of 12,238.94,JPY ,1.72,1,High
Japan,2020,10,Eggs,Carton of 12,239.78,JPY ,1.73,1,High
Japan,2020,11,Eggs,Carton of 12,240.62,JPY ,1.73,1,High
Japan,2020,12,Eggs,Carton of 12,241.46,JPY ,1.74,1,High
Japan,2021,1,Eggs,Carton of 12,242.30,JPY ,1.74,1,High
Japan,2021,2,Eggs,Carton of 12,243.14,JPY ,1.75,1,High
Japan,2021,3,Eggs,Carton of 12,243.98,JPY ,1.76,1,High
Japan,2021,4,Eggs,Carton of 12,244.82,JPY ,1.76,1,High
Japan,2021,5,Eggs,Carton of 12,245.66,JPY ,1.77,1,High
Japan,2021,6,Eggs,Carton of 12,246.50,JPY ,1.77,1,High
Japan,2021,7,Eggs,Carton of 12,247.34,JPY ,1.78,1,High
Japan,2021,8,Eggs,Carton of 12,248.18,JPY ,1.79,1,High
Japan,2021,9,Eggs,Carton of 12,249.02,JPY ,1.79,1,High
Japan,2021,10,Eggs,Carton of 12,249.86,JPY ,1.80,1,High
Japan,2021,11,Eggs,Carton of 12,250.70,JPY ,1.81,1,High
Japan,2021,12,Eggs,Carton of 12,251.54,JPY ,1.81,1,High
Japan,2022,1,Eggs,Carton of 12,252.38,JPY ,1.82,1,High
Japan,2022,2,Eggs,Carton of 12,253.39,JPY ,1.82,1,High
Japan,2022,3,Eggs,Carton of 12,254.40,JPY ,1.83,1,High
Japan,2022,4,Eggs,Carton of 12,255.41,JPY ,1.84,1,High
Japan,2022,5,Eggs,Carton of 12,256.42,JPY ,1.85,1,High
Japan,2022,6,Eggs,Carton of 12,257.43,JPY ,1.85,1,High
Japan,2022,7,Eggs,Carton of 12,258.44,JPY ,1.86,1,High
Japan,2022,8,Eggs,Carton of 12,259.45,JPY ,1.87,1,High
Japan,2022,9,Eggs,Carton of 12,260.46,JPY ,1.88,1,High
Japan,2022,10,Eggs,Carton of 12,261.47,JPY ,1.88,1,High
Japan,2022,11,Eggs,Carton of 12,262.48,JPY ,1.89,1,High
Japan,2022,12,Eggs,Carton of 12,263.49,JPY ,1.90,1,High
Japan,2018,1,Potatoes,1 Kg,359.95,JPY ,2.59,1,High
Japan,2018,2,Potatoes,1 Kg,360.03,JPY ,2.59,1,High
Japan,2018,3,Potatoes,1 Kg,360.11,JPY ,2.59,1,High
Japan,2018,4,Potatoes,1 Kg,360.19,JPY ,2.59,1,High
Japan,2018,5,Potatoes,1 Kg,360.27,JPY ,2.59,1,High
Japan,2018,6,Potatoes,1 Kg,360.35,JPY ,2.59,1,High
Japan,2018,7,Potatoes,1 Kg,360.43,JPY ,2.60,1,High
Japan,2018,8,Potatoes,1 Kg,360.51,JPY ,2.60,1,High
Japan,2018,9,Potatoes,1 Kg,360.59,JPY ,2.60,1,High
Japan,2018,10,Potatoes,1 Kg,360.67,JPY ,2.60,1,High
Japan,2018,11,Potatoes,1 Kg,360.75,JPY ,2.60,1,High
Japan,2018,12,Potatoes,1 Kg,360.83,JPY ,2.60,1,High
Japan,2019,1,Potatoes,1 Kg,360.91,JPY ,2.60,1,High
Japan,2019,2,Potatoes,1 Kg,362.50,JPY ,2.61,1,High
Japan,2019,3,Potatoes,1 Kg,364.09,JPY ,2.62,1,High
Japan,2019,4,Potatoes,1 Kg,365.68,JPY ,2.63,1,High
Japan,2019,5,Potatoes,1 Kg,367.27,JPY ,2.64,1,High
Japan,2019,6,Potatoes,1 Kg,368.86,JPY ,2.66,1,High
Japan,2019,7,Potatoes,1 Kg,370.45,JPY ,2.67,1,High
Japan,2019,8,Potatoes,1 Kg,372.04,JPY ,2.68,1,High
Japan,2019,9,Potatoes,1 Kg,373.63,JPY ,2.69,1,High
Japan,2019,10,Potatoes,1 Kg,375.22,JPY ,2.70,1,High
Japan,2019,11,Potatoes,1 Kg,376.81,JPY ,2.71,1,High
Japan,2019,12,Potatoes,1 Kg,378.40,JPY ,2.72,1,High
Japan,2020,1,Potatoes,1 Kg,379.99,JPY ,2.74,1,High
Japan,2020,2,Potatoes,1 Kg,380.64,JPY ,2.74,1,High
Japan,2020,3,Potatoes,1 Kg,381.29,JPY ,2.75,1,High
Japan,2020,4,Potatoes,1 Kg,381.94,JPY ,2.75,1,High
Japan,2020,5,Potatoes,1 Kg,382.59,JPY ,2.75,1,High
Japan,2020,6,Potatoes,1 Kg,383.24,JPY ,2.76,1,High
Japan,2020,7,Potatoes,1 Kg,383.89,JPY ,2.76,1,High
Japan,2020,8,Potatoes,1 Kg,384.54,JPY ,2.77,1,High
Japan,2020,9,Potatoes,1 Kg,385.19,JPY ,2.77,1,High
Japan,2020,10,Potatoes,1 Kg,385.84,JPY ,2.78,1,High
Japan,2020,11,Potatoes,1 Kg,386.49,JPY ,2.78,1,High
Japan,2020,12,Potatoes,1 Kg,387.14,JPY ,2.79,1,High
Japan,2021,1,Potatoes,1 Kg,387.79,JPY ,2.79,1,High
Japan,2021,2,Potatoes,1 Kg,388.98,JPY ,2.80,1,High
Japan,2021,3,Potatoes,1 Kg,390.17,JPY ,2.81,1,High
Japan,2021,4,Potatoes,1 Kg,391.36,JPY ,2.82,1,High
Japan,2021,5,Potatoes,1 Kg,392.55,JPY ,2.83,1,High
Japan,2021,6,Potatoes,1 Kg,393.74,JPY ,2.83,1,High
Japan,2021,7,Potatoes,1 Kg,394.93,JPY ,2.84,1,High
Japan,2021,8,Potatoes,1 Kg,396.12,JPY ,2.85,1,High
Japan,2021,9,Potatoes,1 Kg,397.31,JPY ,2.86,1,High
Japan,2021,10,Potatoes,1 Kg,398.50,JPY ,2.87,1,High
Japan,2021,11,Potatoes,1 Kg,399.69,JPY ,2.88,1,High
Japan,2021,12,Potatoes,1 Kg,400.88,JPY ,2.89,1,High
Japan,2022,1,Potatoes,1 Kg,402.07,JPY ,2.89,1,High
Japan,2022,2,Potatoes,1 Kg,403.83,JPY ,2.91,1,High
Japan,2022,3,Potatoes,1 Kg,405.59,JPY ,2.92,1,High
Japan,2022,4,Potatoes,1 Kg,407.35,JPY ,2.93,1,High
Japan,2022,5,Potatoes,1 Kg,409.11,JPY ,2.95,1,High
Japan,2022,6,Potatoes,1 Kg,410.87,JPY ,2.96,1,High
Japan,2022,7,Potatoes,1 Kg,412.63,JPY ,2.97,1,High
Japan,2022,8,Potatoes,1 Kg,414.39,JPY ,2.98,1,High
Japan,2022,9,Potatoes,1 Kg,416.15,JPY ,3.00,1,High
Japan,2022,10,Potatoes,1 Kg,417.91,JPY ,3.01,1,High
Japan,2022,11,Potatoes,1 Kg,419.67,JPY ,3.02,1,High
Japan,2022,12,Potatoes,1 Kg,421.43,JPY ,3.03,1,High
South Africa,2018,1,Bread,Loaf,12.57,ZAR,0.69,1,Medium
South Africa,2018,2,Bread,Loaf,12.62,ZAR,0.70,1,Medium
South Africa,2018,3,Bread,Loaf,12.67,ZAR,0.70,1,Medium
South Africa,2018,4,Bread,Loaf,12.73,ZAR,0.70,1,Medium
South Africa,2018,5,Bread,Loaf,12.78,ZAR,0.71,1,Medium
South Africa,2018,6,Bread,Loaf,12.83,ZAR,0.71,1,Medium
South Africa,2018,7,Bread,Loaf,12.88,ZAR,0.71,1,Medium
South Africa,2018,8,Bread,Loaf,12.93,ZAR,0.71,1,Medium
South Africa,2018,9,Bread,Loaf,12.98,ZAR,0.72,1,Medium
South Africa,2018,10,Bread,Loaf,13.04,ZAR,0.72,1,Medium
South Africa,2018,11,Bread,Loaf,13.09,ZAR,0.72,1,Medium
South Africa,2018,12,Bread,Loaf,13.14,ZAR,0.73,1,Medium
South Africa,2019,1,Bread,Loaf,13.19,ZAR,0.73,1,Medium
South Africa,2019,2,Bread,Loaf,13.24,ZAR,0.73,1,Medium
South Africa,2019,3,Bread,Loaf,13.28,ZAR,0.73,1,Medium
South Africa,2019,4,Bread,Loaf,13.33,ZAR,0.74,1,Medium
South Africa,2019,5,Bread,Loaf,13.38,ZAR,0.74,1,Medium
South Africa,2019,6,Bread,Loaf,13.43,ZAR,0.74,1,Medium
South Africa,2019,7,Bread,Loaf,13.47,ZAR,0.74,1,Medium
South Africa,2019,8,Bread,Loaf,13.52,ZAR,0.75,1,Medium
South Africa,2019,9,Bread,Loaf,13.57,ZAR,0.75,1,Medium
South Africa,2019,10,Bread,Loaf,13.61,ZAR,0.75,1,Medium
South Africa,2019,11,Bread,Loaf,13.66,ZAR,0.75,1,Medium
South Africa,2019,12,Bread,Loaf,13.71,ZAR,0.76,1,Medium
South Africa,2020,1,Bread,Loaf,13.75,ZAR,0.76,1,Medium
South Africa,2020,2,Bread,Loaf,13.79,ZAR,0.76,1,Medium
South Africa,2020,3,Bread,Loaf,13.83,ZAR,0.76,1,Medium
South Africa,2020,4,Bread,Loaf,13.87,ZAR,0.77,1,Medium
South Africa,2020,5,Bread,Loaf,13.91,ZAR,0.77,1,Medium
South Africa,2020,6,Bread,Loaf,13.94,ZAR,0.77,1,Medium
South Africa,2020,7,Bread,Loaf,13.98,ZAR,0.77,1,Medium
South Africa,2020,8,Bread,Loaf,14.02,ZAR,0.77,1,Medium
South Africa,2020,9,Bread,Loaf,14.06,ZAR,0.78,1,Medium
South Africa,2020,10,Bread,Loaf,14.10,ZAR,0.78,1,Medium
South Africa,2020,11,Bread,Loaf,14.13,ZAR,0.78,1,Medium
South Africa,2020,12,Bread,Loaf,14.17,ZAR,0.78,1,Medium
South Africa,2021,1,Bread,Loaf,14.21,ZAR,0.78,1,Medium
South Africa,2021,2,Bread,Loaf,14.26,ZAR,0.79,1,Medium
South Africa,2021,3,Bread,Loaf,14.32,ZAR,0.79,1,Medium
South Africa,2021,4,Bread,Loaf,14.38,ZAR,0.79,1,Medium
South Africa,2021,5,Bread,Loaf,14.43,ZAR,0.80,1,Medium
South Africa,2021,6,Bread,Loaf,14.49,ZAR,0.80,1,Medium
South Africa,2021,7,Bread,Loaf,14.54,ZAR,0.80,1,Medium
South Africa,2021,8,Bread,Loaf,14.60,ZAR,0.81,1,Medium
South Africa,2021,9,Bread,Loaf,14.66,ZAR,0.81,1,Medium
South Africa,2021,10,Bread,Loaf,14.71,ZAR,0.81,1,Medium
South Africa,2021,11,Bread,Loaf,14.77,ZAR,0.82,1,Medium
South Africa,2021,12,Bread,Loaf,14.82,ZAR,0.82,1,Medium
South Africa,2022,1,Bread,Loaf,14.88,ZAR,0.82,1,Medium
South Africa,2022,2,Bread,Loaf,14.97,ZAR,0.83,1,Medium
South Africa,2022,3,Bread,Loaf,15.07,ZAR,0.83,1,Medium
South Africa,2022,4,Bread,Loaf,15.17,ZAR,0.84,1,Medium
South Africa,2022,5,Bread,Loaf,15.26,ZAR,0.84,1,Medium
South Africa,2022,6,Bread,Loaf,15.36,ZAR,0.85,1,Medium
South Africa,2022,7,Bread,Loaf,15.45,ZAR,0.85,1,Medium
South Africa,2022,8,Bread,Loaf,15.55,ZAR,0.86,1,Medium
South Africa,2022,9,Bread,Loaf,15.64,ZAR,0.86,1,Medium
South Africa,2022,10,Bread,Loaf,15.74,ZAR,0.87,1,Medium
South Africa,2022,11,Bread,Loaf,15.83,ZAR,0.87,1,Medium
South Africa,2022,12,Bread,Loaf,15.93,ZAR,0.88,1,Medium
South Africa,2018,1,Milk,1 L,14.14,ZAR,0.78,1,Medium
South Africa,2018,2,Milk,1 L,14.17,ZAR,0.78,1,Medium
South Africa,2018,3,Milk,1 L,14.21,ZAR,0.78,1,Medium
South Africa,2018,4,Milk,1 L,14.24,ZAR,0.79,1,Medium
South Africa,2018,5,Milk,1 L,14.27,ZAR,0.79,1,Medium
South Africa,2018,6,Milk,1 L,14.31,ZAR,0.79,1,Medium
South Africa,2018,7,Milk,1 L,14.34,ZAR,0.79,1,Medium
South Africa,2018,8,Milk,1 L,14.37,ZAR,0.79,1,Medium
South Africa,2018,9,Milk,1 L,14.41,ZAR,0.80,1,Medium
South Africa,2018,10,Milk,1 L,14.44,ZAR,0.80,1,Medium
South Africa,2018,11,Milk,1 L,14.47,ZAR,0.80,1,Medium
South Africa,2018,12,Milk,1 L,14.50,ZAR,0.80,1,Medium
South Africa,2019,1,Milk,1 L,14.54,ZAR,0.80,1,Medium
South Africa,2019,2,Milk,1 L,14.57,ZAR,0.80,1,Medium
South Africa,2019,3,Milk,1 L,14.60,ZAR,0.81,1,Medium
South Africa,2019,4,Milk,1 L,14.64,ZAR,0.81,1,Medium
South Africa,2019,5,Milk,1 L,14.67,ZAR,0.81,1,Medium
South Africa,2019,6,Milk,1 L,14.70,ZAR,0.81,1,Medium
South Africa,2019,7,Milk,1 L,14.74,ZAR,0.81,1,Medium
South Africa,2019,8,Milk,1 L,14.77,ZAR,0.82,1,Medium
South Africa,2019,9,Milk,1 L,14.80,ZAR,0.82,1,Medium
South Africa,2019,10,Milk,1 L,14.83,ZAR,0.82,1,Medium
South Africa,2019,11,Milk,1 L,14.87,ZAR,0.82,1,Medium
South Africa,2019,12,Milk,1 L,14.90,ZAR,0.82,1,Medium
South Africa,2020,1,Milk,1 L,14.93,ZAR,0.82,1,Medium
South Africa,2020,2,Milk,1 L,14.98,ZAR,0.83,1,Medium
South Africa,2020,3,Milk,1 L,15.04,ZAR,0.83,1,Medium
South Africa,2020,4,Milk,1 L,15.09,ZAR,0.83,1,Medium
South Africa,2020,5,Milk,1 L,15.14,ZAR,0.84,1,Medium
South Africa,2020,6,Milk,1 L,15.19,ZAR,0.84,1,Medium
South Africa,2020,7,Milk,1 L,15.24,ZAR,0.84,1,Medium
South Africa,2020,8,Milk,1 L,15.29,ZAR,0.84,1,Medium
South Africa,2020,9,Milk,1 L,15.34,ZAR,0.85,1,Medium
South Africa,2020,10,Milk,1 L,15.39,ZAR,0.85,1,Medium
South Africa,2020,11,Milk,1 L,15.45,ZAR,0.85,1,Medium
South Africa,2020,12,Milk,1 L,15.50,ZAR,0.86,1,Medium
South Africa,2021,1,Milk,1 L,15.55,ZAR,0.86,1,Medium
South Africa,2021,2,Milk,1 L,15.61,ZAR,0.86,1,Medium
South Africa,2021,3,Milk,1 L,15.67,ZAR,0.87,1,Medium
South Africa,2021,4,Milk,1 L,15.73,ZAR,0.87,1,Medium
South Africa,2021,5,Milk,1 L,15.79,ZAR,0.87,1,Medium
South Africa,2021,6,Milk,1 L,15.85,ZAR,0.87,1,Medium
South Africa,2021,7,Milk,1 L,15.91,ZAR,0.88,1,Medium
South Africa,2021,8,Milk,1 L,15.97,ZAR,0.88,1,Medium
South Africa,2021,9,Milk,1 L,16.02,ZAR,0.88,1,Medium
South Africa,2021,10,Milk,1 L,16.08,ZAR,0.89,1,Medium
South Africa,2021,11,Milk,1 L,16.14,ZAR,0.89,1,Medium
South Africa,2021,12,Milk,1 L,16.20,ZAR,0.89,1,Medium
South Africa,2022,1,Milk,1 L,16.26,ZAR,0.90,1,Medium
South Africa,2022,2,Milk,1 L,16.34,ZAR,0.90,1,Medium
South Africa,2022,3,Milk,1 L,16.43,ZAR,0.91,1,Medium
South Africa,2022,4,Milk,1 L,16.51,ZAR,0.91,1,Medium
South Africa,2022,5,Milk,1 L,16.59,ZAR,0.92,1,Medium
South Africa,2022,6,Milk,1 L,16.67,ZAR,0.92,1,Medium
South Africa,2022,7,Milk,1 L,16.75,ZAR,0.93,1,Medium
South Africa,2022,8,Milk,1 L,16.83,ZAR,0.93,1,Medium
South Africa,2022,9,Milk,1 L,16.92,ZAR,0.93,1,Medium
South Africa,2022,10,Milk,1 L,17.00,ZAR,0.94,1,Medium
South Africa,2022,11,Milk,1 L,17.08,ZAR,0.94,1,Medium
South Africa,2022,12,Milk,1 L,17.16,ZAR,0.95,1,Medium
South Africa,2018,1,Eggs,Carton of 12,25.98,ZAR,1.43,1,Medium
South Africa,2018,2,Eggs,Carton of 12,26.03,ZAR,1.44,1,Medium
South Africa,2018,3,Eggs,Carton of 12,26.07,ZAR,1.44,1,Medium
South Africa,2018,4,Eggs,Carton of 12,26.11,ZAR,1.44,1,Medium
South Africa,2018,5,Eggs,Carton of 12,26.16,ZAR,1.44,1,Medium
South Africa,2018,6,Eggs,Carton of 12,26.20,ZAR,1.45,1,Medium
South Africa,2018,7,Eggs,Carton of 12,26.25,ZAR,1.45,1,Medium
South Africa,2018,8,Eggs,Carton of 12,26.29,ZAR,1.45,1,Medium
South Africa,2018,9,Eggs,Carton of 12,26.34,ZAR,1.45,1,Medium
South Africa,2018,10,Eggs,Carton of 12,26.38,ZAR,1.46,1,Medium
South Africa,2018,11,Eggs,Carton of 12,26.42,ZAR,1.46,1,Medium
South Africa,2018,12,Eggs,Carton of 12,26.47,ZAR,1.46,1,Medium
South Africa,2019,1,Eggs,Carton of 12,26.51,ZAR,1.46,1,Medium
South Africa,2019,2,Eggs,Carton of 12,26.63,ZAR,1.47,1,Medium
South Africa,2019,3,Eggs,Carton of 12,26.74,ZAR,1.48,1,Medium
South Africa,2019,4,Eggs,Carton of 12,26.86,ZAR,1.48,1,Medium
South Africa,2019,5,Eggs,Carton of 12,26.98,ZAR,1.49,1,Medium
South Africa,2019,6,Eggs,Carton of 12,27.09,ZAR,1.50,1,Medium
South Africa,2019,7,Eggs,Carton of 12,27.21,ZAR,1.50,1,Medium
South Africa,2019,8,Eggs,Carton of 12,27.33,ZAR,1.51,1,Medium
South Africa,2019,9,Eggs,Carton of 12,27.44,ZAR,1.52,1,Medium
South Africa,2019,10,Eggs,Carton of 12,27.56,ZAR,1.52,1,Medium
South Africa,2019,11,Eggs,Carton of 12,27.68,ZAR,1.53,1,Medium
South Africa,2019,12,Eggs,Carton of 12,27.79,ZAR,1.53,1,Medium
South Africa,2020,1,Eggs,Carton of 12,27.91,ZAR,1.54,1,Medium
South Africa,2020,2,Eggs,Carton of 12,27.99,ZAR,1.55,1,Medium
South Africa,2020,3,Eggs,Carton of 12,28.07,ZAR,1.55,1,Medium
South Africa,2020,4,Eggs,Carton of 12,28.15,ZAR,1.55,1,Medium
South Africa,2020,5,Eggs,Carton of 12,28.23,ZAR,1.56,1,Medium
South Africa,2020,6,Eggs,Carton of 12,28.31,ZAR,1.56,1,Medium
South Africa,2020,7,Eggs,Carton of 12,28.39,ZAR,1.57,1,Medium
South Africa,2020,8,Eggs,Carton of 12,28.47,ZAR,1.57,1,Medium
South Africa,2020,9,Eggs,Carton of 12,28.54,ZAR,1.58,1,Medium
South Africa,2020,10,Eggs,Carton of 12,28.62,ZAR,1.58,1,Medium
South Africa,2020,11,Eggs,Carton of 12,28.70,ZAR,1.58,1,Medium
South Africa,2020,12,Eggs,Carton of 12,28.78,ZAR,1.59,1,Medium
South Africa,2021,1,Eggs,Carton of 12,28.86,ZAR,1.59,1,Medium
South Africa,2021,2,Eggs,Carton of 12,28.95,ZAR,1.60,1,Medium
South Africa,2021,3,Eggs,Carton of 12,29.05,ZAR,1.60,1,Medium
South Africa,2021,4,Eggs,Carton of 12,29.14,ZAR,1.61,1,Medium
South Africa,2021,5,Eggs,Carton of 12,29.23,ZAR,1.61,1,Medium
South Africa,2021,6,Eggs,Carton of 12,29.32,ZAR,1.62,1,Medium
South Africa,2021,7,Eggs,Carton of 12,29.42,ZAR,1.62,1,Medium
South Africa,2021,8,Eggs,Carton of 12,29.51,ZAR,1.63,1,Medium
South Africa,2021,9,Eggs,Carton of 12,29.60,ZAR,1.63,1,Medium
South Africa,2021,10,Eggs,Carton of 12,29.69,ZAR,1.64,1,Medium
South Africa,2021,11,Eggs,Carton of 12,29.79,ZAR,1.64,1,Medium
South Africa,2021,12,Eggs,Carton of 12,29.88,ZAR,1.65,1,Medium
South Africa,2022,1,Eggs,Carton of 12,29.97,ZAR,1.65,1,Medium
South Africa,2022,2,Eggs,Carton of 12,30.08,ZAR,1.66,1,Medium
South Africa,2022,3,Eggs,Carton of 12,30.20,ZAR,1.67,1,Medium
South Africa,2022,4,Eggs,Carton of 12,30.31,ZAR,1.67,1,Medium
South Africa,2022,5,Eggs,Carton of 12,30.43,ZAR,1.68,1,Medium
South Africa,2022,6,Eggs,Carton of 12,30.54,ZAR,1.69,1,Medium
South Africa,2022,7,Eggs,Carton of 12,30.66,ZAR,1.69,1,Medium
South Africa,2022,8,Eggs,Carton of 12,30.77,ZAR,1.70,1,Medium
South Africa,2022,9,Eggs,Carton of 12,30.89,ZAR,1.71,1,Medium
South Africa,2022,10,Eggs,Carton of 12,31.00,ZAR,1.71,1,Medium
South Africa,2022,11,Eggs,Carton of 12,31.12,ZAR,1.72,1,Medium
South Africa,2022,12,Eggs,Carton of 12,31.23,ZAR,1.72,1,Medium
South Africa,2018,1,Potatoes,1 Kg,15.81,ZAR,0.87,1,Medium
South Africa,2018,2,Potatoes,1 Kg,15.83,ZAR,0.87,1,Medium
South Africa,2018,3,Potatoes,1 Kg,15.84,ZAR,0.87,1,Medium
South Africa,2018,4,Potatoes,1 Kg,15.86,ZAR,0.88,1,Medium
South Africa,2018,5,Potatoes,1 Kg,15.88,ZAR,0.88,1,Medium
South Africa,2018,6,Potatoes,1 Kg,15.90,ZAR,0.88,1,Medium
South Africa,2018,7,Potatoes,1 Kg,15.91,ZAR,0.88,1,Medium
South Africa,2018,8,Potatoes,1 Kg,15.93,ZAR,0.88,1,Medium
South Africa,2018,9,Potatoes,1 Kg,15.95,ZAR,0.88,1,Medium
South Africa,2018,10,Potatoes,1 Kg,15.96,ZAR,0.88,1,Medium
South Africa,2018,11,Potatoes,1 Kg,15.98,ZAR,0.88,1,Medium
South Africa,2018,12,Potatoes,1 Kg,16.00,ZAR,0.88,1,Medium
South Africa,2019,1,Potatoes,1 Kg,16.02,ZAR,0.88,1,Medium
South Africa,2019,2,Potatoes,1 Kg,16.07,ZAR,0.89,1,Medium
South Africa,2019,3,Potatoes,1 Kg,16.11,ZAR,0.89,1,Medium
South Africa,2019,4,Potatoes,1 Kg,16.16,ZAR,0.89,1,Medium
South Africa,2019,5,Potatoes,1 Kg,16.21,ZAR,0.90,1,Medium
South Africa,2019,6,Potatoes,1 Kg,16.26,ZAR,0.90,1,Medium
South Africa,2019,7,Potatoes,1 Kg,16.31,ZAR,0.90,1,Medium
South Africa,2019,8,Potatoes,1 Kg,16.36,ZAR,0.90,1,Medium
South Africa,2019,9,Potatoes,1 Kg,16.41,ZAR,0.91,1,Medium
South Africa,2019,10,Potatoes,1 Kg,16.45,ZAR,0.91,1,Medium
South Africa,2019,11,Potatoes,1 Kg,16.50,ZAR,0.91,1,Medium
South Africa,2019,12,Potatoes,1 Kg,16.55,ZAR,0.91,1,Medium
South Africa,2020,1,Potatoes,1 Kg,17.13,ZAR,0.95,1,Medium
South Africa,2020,2,Potatoes,1 Kg,17.18,ZAR,0.95,1,Medium
South Africa,2020,3,Potatoes,1 Kg,17.23,ZAR,0.95,1,Medium
South Africa,2020,4,Potatoes,1 Kg,17.28,ZAR,0.95,1,Medium
South Africa,2020,5,Potatoes,1 Kg,17.33,ZAR,0.96,1,Medium
South Africa,2020,6,Potatoes,1 Kg,17.38,ZAR,0.96,1,Medium
South Africa,2020,7,Potatoes,1 Kg,17.43,ZAR,0.96,1,Medium
South Africa,2020,8,Potatoes,1 Kg,17.47,ZAR,0.96,1,Medium
South Africa,2020,9,Potatoes,1 Kg,17.52,ZAR,0.97,1,Medium
South Africa,2020,10,Potatoes,1 Kg,17.57,ZAR,0.97,1,Medium
South Africa,2020,11,Potatoes,1 Kg,17.62,ZAR,0.97,1,Medium
South Africa,2020,12,Potatoes,1 Kg,17.67,ZAR,0.98,1,Medium
South Africa,2021,1,Potatoes,1 Kg,17.72,ZAR,0.98,1,Medium
South Africa,2021,2,Potatoes,1 Kg,17.78,ZAR,0.98,1,Medium
South Africa,2021,3,Potatoes,1 Kg,17.83,ZAR,0.98,1,Medium
South Africa,2021,4,Potatoes,1 Kg,17.89,ZAR,0.99,1,Medium
South Africa,2021,5,Potatoes,1 Kg,17.95,ZAR,0.99,1,Medium
South Africa,2021,6,Potatoes,1 Kg,18.01,ZAR,0.99,1,Medium
South Africa,2021,7,Potatoes,1 Kg,18.07,ZAR,1.00,1,Medium
South Africa,2021,8,Potatoes,1 Kg,18.13,ZAR,1.00,1,Medium
South Africa,2021,9,Potatoes,1 Kg,18.18,ZAR,1.00,1,Medium
South Africa,2021,10,Potatoes,1 Kg,18.24,ZAR,1.01,1,Medium
South Africa,2021,11,Potatoes,1 Kg,18.30,ZAR,1.01,1,Medium
South Africa,2021,12,Potatoes,1 Kg,18.36,ZAR,1.01,1,Medium
South Africa,2022,1,Potatoes,1 Kg,18.42,ZAR,1.02,1,Medium
South Africa,2022,2,Potatoes,1 Kg,18.50,ZAR,1.02,1,Medium
South Africa,2022,3,Potatoes,1 Kg,18.59,ZAR,1.03,1,Medium
South Africa,2022,4,Potatoes,1 Kg,18.67,ZAR,1.03,1,Medium
South Africa,2022,5,Potatoes,1 Kg,18.75,ZAR,1.04,1,Medium
South Africa,2022,6,Potatoes,1 Kg,18.84,ZAR,1.04,1,Medium
South Africa,2022,7,Potatoes,1 Kg,18.92,ZAR,1.04,1,Medium
South Africa,2022,8,Potatoes,1 Kg,19.00,ZAR,1.05,1,Medium
South Africa,2022,9,Potatoes,1 Kg,19.09,ZAR,1.05,1,Medium
South Africa,2022,10,Potatoes,1 Kg,19.17,ZAR,1.06,1,Medium
South Africa,2022,11,Potatoes,1 Kg,19.26,ZAR,1.06,1,Medium
South Africa,2022,12,Potatoes,1 Kg,19.34,ZAR,1.07,1,Medium
Canada,2018,1,Bread,Loaf,2.87,CAD,2.18,1,High
Canada,2018,2,Bread,Loaf,2.88,CAD,2.19,1,High
Canada,2018,3,Bread,Loaf,2.88,CAD,2.19,1,High
Canada,2018,4,Bread,Loaf,2.89,CAD,2.19,1,High
Canada,2018,5,Bread,Loaf,2.89,CAD,2.20,1,High
Canada,2018,6,Bread,Loaf,2.90,CAD,2.20,1,High
Canada,2018,7,Bread,Loaf,2.90,CAD,2.21,1,High
Canada,2018,8,Bread,Loaf,2.91,CAD,2.21,1,High
Canada,2018,9,Bread,Loaf,2.91,CAD,2.21,1,High
Canada,2018,10,Bread,Loaf,2.92,CAD,2.22,1,High
Canada,2018,11,Bread,Loaf,2.92,CAD,2.22,1,High
Canada,2018,12,Bread,Loaf,2.93,CAD,2.23,1,High
Canada,2019,1,Bread,Loaf,2.94,CAD,2.23,1,High
Canada,2019,2,Bread,Loaf,2.94,CAD,2.24,1,High
Canada,2019,3,Bread,Loaf,2.95,CAD,2.24,1,High
Canada,2019,4,Bread,Loaf,2.96,CAD,2.25,1,High
Canada,2019,5,Bread,Loaf,2.97,CAD,2.25,1,High
Canada,2019,6,Bread,Loaf,2.97,CAD,2.26,1,High
Canada,2019,7,Bread,Loaf,2.98,CAD,2.27,1,High
Canada,2019,8,Bread,Loaf,2.99,CAD,2.27,1,High
Canada,2019,9,Bread,Loaf,3.00,CAD,2.28,1,High
Canada,2019,10,Bread,Loaf,3.00,CAD,2.28,1,High
Canada,2019,11,Bread,Loaf,3.01,CAD,2.29,1,High
Canada,2019,12,Bread,Loaf,3.02,CAD,2.29,1,High
Canada,2020,1,Bread,Loaf,3.03,CAD,2.30,1,High
Canada,2020,2,Bread,Loaf,3.03,CAD,2.30,1,High
Canada,2020,3,Bread,Loaf,3.03,CAD,2.30,1,High
Canada,2020,4,Bread,Loaf,3.03,CAD,2.30,1,High
Canada,2020,5,Bread,Loaf,3.03,CAD,2.31,1,High
Canada,2020,6,Bread,Loaf,3.04,CAD,2.31,1,High
Canada,2020,7,Bread,Loaf,3.04,CAD,2.31,1,High
Canada,2020,8,Bread,Loaf,3.04,CAD,2.31,1,High
Canada,2020,9,Bread,Loaf,3.04,CAD,2.31,1,High
Canada,2020,10,Bread,Loaf,3.04,CAD,2.31,1,High
Canada,2020,11,Bread,Loaf,3.04,CAD,2.31,1,High
Canada,2020,12,Bread,Loaf,3.05,CAD,2.31,1,High
Canada,2021,1,Bread,Loaf,3.05,CAD,2.32,1,High
Canada,2021,2,Bread,Loaf,3.06,CAD,2.32,1,High
Canada,2021,3,Bread,Loaf,3.07,CAD,2.33,1,High
Canada,2021,4,Bread,Loaf,3.08,CAD,2.34,1,High
Canada,2021,5,Bread,Loaf,3.08,CAD,2.34,1,High
Canada,2021,6,Bread,Loaf,3.09,CAD,2.35,1,High
Canada,2021,7,Bread,Loaf,3.10,CAD,2.36,1,High
Canada,2021,8,Bread,Loaf,3.11,CAD,2.37,1,High
Canada,2021,9,Bread,Loaf,3.12,CAD,2.37,1,High
Canada,2021,10,Bread,Loaf,3.13,CAD,2.38,1,High
Canada,2021,11,Bread,Loaf,3.14,CAD,2.39,1,High
Canada,2021,12,Bread,Loaf,3.15,CAD,2.39,1,High
Canada,2022,1,Bread,Loaf,3.16,CAD,2.40,1,High
Canada,2022,2,Bread,Loaf,3.17,CAD,2.41,1,High
Canada,2022,3,Bread,Loaf,3.18,CAD,2.41,1,High
Canada,2022,4,Bread,Loaf,3.19,CAD,2.42,1,High
Canada,2022,5,Bread,Loaf,3.20,CAD,2.43,1,High
Canada,2022,6,Bread,Loaf,3.20,CAD,2.44,1,High
Canada,2022,7,Bread,Loaf,3.21,CAD,2.44,1,High
Canada,2022,8,Bread,Loaf,3.22,CAD,2.45,1,High
Canada,2022,9,Bread,Loaf,3.23,CAD,2.46,1,High
Canada,2022,10,Bread,Loaf,3.24,CAD,2.46,1,High
Canada,2022,11,Bread,Loaf,3.25,CAD,2.47,1,High
Canada,2022,12,Bread,Loaf,3.26,CAD,2.48,1,High
Canada,2018,1,Milk,1 Kg,2.42,CAD,1.84,1,High
Canada,2018,2,Milk,1 Kg,2.43,CAD,1.85,1,High
Canada,2018,3,Milk,1 Kg,2.43,CAD,1.85,1,High
Canada,2018,4,Milk,1 Kg,2.44,CAD,1.85,1,High
Canada,2018,5,Milk,1 Kg,2.44,CAD,1.86,1,High
Canada,2018,6,Milk,1 Kg,2.45,CAD,1.86,1,High
Canada,2018,7,Milk,1 Kg,2.46,CAD,1.87,1,High
Canada,2018,8,Milk,1 Kg,2.46,CAD,1.87,1,High
Canada,2018,9,Milk,1 Kg,2.47,CAD,1.87,1,High
Canada,2018,10,Milk,1 Kg,2.47,CAD,1.88,1,High
Canada,2018,11,Milk,1 Kg,2.48,CAD,1.88,1,High
Canada,2018,12,Milk,1 Kg,2.48,CAD,1.89,1,High
Canada,2019,1,Milk,1 Kg,2.49,CAD,1.89,1,High
Canada,2019,2,Milk,1 Kg,2.49,CAD,1.89,1,High
Canada,2019,3,Milk,1 Kg,2.50,CAD,1.90,1,High
Canada,2019,4,Milk,1 Kg,2.50,CAD,1.90,1,High
Canada,2019,5,Milk,1 Kg,2.51,CAD,1.91,1,High
Canada,2019,6,Milk,1 Kg,2.51,CAD,1.91,1,High
Canada,2019,7,Milk,1 Kg,2.52,CAD,1.91,1,High
Canada,2019,8,Milk,1 Kg,2.53,CAD,1.92,1,High
Canada,2019,9,Milk,1 Kg,2.53,CAD,1.92,1,High
Canada,2019,10,Milk,1 Kg,2.54,CAD,1.93,1,High
Canada,2019,11,Milk,1 Kg,2.54,CAD,1.93,1,High
Canada,2019,12,Milk,1 Kg,2.55,CAD,1.94,1,High
Canada,2020,1,Milk,1 Kg,2.55,CAD,1.94,1,High
Canada,2020,2,Milk,1 Kg,2.55,CAD,1.94,1,High
Canada,2020,3,Milk,1 Kg,2.55,CAD,1.94,1,High
Canada,2020,4,Milk,1 Kg,2.56,CAD,1.94,1,High
Canada,2020,5,Milk,1 Kg,2.56,CAD,1.94,1,High
Canada,2020,6,Milk,1 Kg,2.56,CAD,1.94,1,High
Canada,2020,7,Milk,1 Kg,2.56,CAD,1.95,1,High
Canada,2020,8,Milk,1 Kg,2.56,CAD,1.95,1,High
Canada,2020,9,Milk,1 Kg,2.56,CAD,1.95,1,High
Canada,2020,10,Milk,1 Kg,2.57,CAD,1.95,1,High
Canada,2020,11,Milk,1 Kg,2.57,CAD,1.95,1,High
Canada,2020,12,Milk,1 Kg,2.57,CAD,1.95,1,High
Canada,2021,1,Milk,1 Kg,2.57,CAD,1.95,1,High
Canada,2021,2,Milk,1 Kg,2.58,CAD,1.96,1,High
Canada,2021,3,Milk,1 Kg,2.59,CAD,1.97,1,High
Canada,2021,4,Milk,1 Kg,2.59,CAD,1.97,1,High
Canada,2021,5,Milk,1 Kg,2.60,CAD,1.98,1,High
Canada,2021,6,Milk,1 Kg,2.61,CAD,1.98,1,High
Canada,2021,7,Milk,1 Kg,2.62,CAD,1.99,1,High
Canada,2021,8,Milk,1 Kg,2.63,CAD,2.00,1,High
Canada,2021,9,Milk,1 Kg,2.64,CAD,2.00,1,High
Canada,2021,10,Milk,1 Kg,2.64,CAD,2.01,1,High
Canada,2021,11,Milk,1 Kg,2.65,CAD,2.02,1,High
Canada,2021,12,Milk,1 Kg,2.66,CAD,2.02,1,High
Canada,2022,1,Milk,1 Kg,2.67,CAD,2.03,1,High
Canada,2022,2,Milk,1 Kg,2.68,CAD,2.03,1,High
Canada,2022,3,Milk,1 Kg,2.69,CAD,2.04,1,High
Canada,2022,4,Milk,1 Kg,2.69,CAD,2.05,1,High
Canada,2022,5,Milk,1 Kg,2.70,CAD,2.05,1,High
Canada,2022,6,Milk,1 Kg,2.71,CAD,2.06,1,High
Canada,2022,7,Milk,1 Kg,2.72,CAD,2.07,1,High
Canada,2022,8,Milk,1 Kg,2.73,CAD,2.07,1,High
Canada,2022,9,Milk,1 Kg,2.74,CAD,2.08,1,High
Canada,2022,10,Milk,1 Kg,2.74,CAD,2.09,1,High
Canada,2022,11,Milk,1 Kg,2.75,CAD,2.09,1,High
Canada,2022,12,Milk,1 Kg,2.76,CAD,2.10,1,High
Canada,2018,1,Eggs,Carton of 12,3.79,CAD,2.88,1,High
Canada,2018,2,Eggs,Carton of 12,3.79,CAD,2.88,1,High
Canada,2018,3,Eggs,Carton of 12,3.80,CAD,2.89,1,High
Canada,2018,4,Eggs,Carton of 12,3.81,CAD,2.89,1,High
Canada,2018,5,Eggs,Carton of 12,3.81,CAD,2.90,1,High
Canada,2018,6,Eggs,Carton of 12,3.82,CAD,2.90,1,High
Canada,2018,7,Eggs,Carton of 12,3.83,CAD,2.91,1,High
Canada,2018,8,Eggs,Carton of 12,3.83,CAD,2.91,1,High
Canada,2018,9,Eggs,Carton of 12,3.84,CAD,2.92,1,High
Canada,2018,10,Eggs,Carton of 12,3.85,CAD,2.92,1,High
Canada,2018,11,Eggs,Carton of 12,3.85,CAD,2.93,1,High
Canada,2018,12,Eggs,Carton of 12,3.86,CAD,2.93,1,High
Canada,2019,1,Eggs,Carton of 12,3.87,CAD,2.94,1,High
Canada,2019,2,Eggs,Carton of 12,3.87,CAD,2.94,1,High
Canada,2019,3,Eggs,Carton of 12,3.88,CAD,2.95,1,High
Canada,2019,4,Eggs,Carton of 12,3.88,CAD,2.95,1,High
Canada,2019,5,Eggs,Carton of 12,3.89,CAD,2.96,1,High
Canada,2019,6,Eggs,Carton of 12,3.90,CAD,2.96,1,High
Canada,2019,7,Eggs,Carton of 12,3.90,CAD,2.97,1,High
Canada,2019,8,Eggs,Carton of 12,3.91,CAD,2.97,1,High
Canada,2019,9,Eggs,Carton of 12,3.92,CAD,2.98,1,High
Canada,2019,10,Eggs,Carton of 12,3.92,CAD,2.98,1,High
Canada,2019,11,Eggs,Carton of 12,3.93,CAD,2.99,1,High
Canada,2019,12,Eggs,Carton of 12,3.94,CAD,2.99,1,High
Canada,2020,1,Eggs,Carton of 12,3.94,CAD,3.00,1,High
Canada,2020,2,Eggs,Carton of 12,3.95,CAD,3.00,1,High
Canada,2020,3,Eggs,Carton of 12,3.95,CAD,3.00,1,High
Canada,2020,4,Eggs,Carton of 12,3.95,CAD,3.00,1,High
Canada,2020,5,Eggs,Carton of 12,3.95,CAD,3.00,1,High
Canada,2020,6,Eggs,Carton of 12,3.96,CAD,3.01,1,High
Canada,2020,7,Eggs,Carton of 12,3.96,CAD,3.01,1,High
Canada,2020,8,Eggs,Carton of 12,3.96,CAD,3.01,1,High
Canada,2020,9,Eggs,Carton of 12,3.96,CAD,3.01,1,High
Canada,2020,10,Eggs,Carton of 12,3.96,CAD,3.01,1,High
Canada,2020,11,Eggs,Carton of 12,3.97,CAD,3.02,1,High
Canada,2020,12,Eggs,Carton of 12,3.97,CAD,3.02,1,High
Canada,2021,1,Eggs,Carton of 12,3.97,CAD,3.02,1,High
Canada,2021,2,Eggs,Carton of 12,3.98,CAD,3.03,1,High
Canada,2021,3,Eggs,Carton of 12,3.99,CAD,3.04,1,High
Canada,2021,4,Eggs,Carton of 12,4.01,CAD,3.04,1,High
Canada,2021,5,Eggs,Carton of 12,4.02,CAD,3.05,1,High
Canada,2021,6,Eggs,Carton of 12,4.03,CAD,3.06,1,High
Canada,2021,7,Eggs,Carton of 12,4.04,CAD,3.07,1,High
Canada,2021,8,Eggs,Carton of 12,4.05,CAD,3.08,1,High
Canada,2021,9,Eggs,Carton of 12,4.06,CAD,3.09,1,High
Canada,2021,10,Eggs,Carton of 12,4.07,CAD,3.10,1,High
Canada,2021,11,Eggs,Carton of 12,4.08,CAD,3.10,1,High
Canada,2021,12,Eggs,Carton of 12,4.10,CAD,3.11,1,High
Canada,2022,1,Eggs,Carton of 12,4.11,CAD,3.12,1,High
Canada,2022,2,Eggs,Carton of 12,4.12,CAD,3.13,1,High
Canada,2022,3,Eggs,Carton of 12,4.14,CAD,3.15,1,High
Canada,2022,4,Eggs,Carton of 12,4.15,CAD,3.16,1,High
Canada,2022,5,Eggs,Carton of 12,4.17,CAD,3.17,1,High
Canada,2022,6,Eggs,Carton of 12,4.19,CAD,3.18,1,High
Canada,2022,7,Eggs,Carton of 12,4.20,CAD,3.19,1,High
Canada,2022,8,Eggs,Carton of 12,4.22,CAD,3.21,1,High
Canada,2022,9,Eggs,Carton of 12,4.23,CAD,3.22,1,High
Canada,2022,10,Eggs,Carton of 12,4.25,CAD,3.23,1,High
Canada,2022,11,Eggs,Carton of 12,4.26,CAD,3.24,1,High
Canada,2022,12,Eggs,Carton of 12,4.28,CAD,3.25,1,High
Canada,2018,1,Potatoes,1 Kg,2.85,CAD,2.16,1,High
Canada,2018,2,Potatoes,1 Kg,2.85,CAD,2.17,1,High
Canada,2018,3,Potatoes,1 Kg,2.86,CAD,2.17,1,High
Canada,2018,4,Potatoes,1 Kg,2.86,CAD,2.18,1,High
Canada,2018,5,Potatoes,1 Kg,2.87,CAD,2.18,1,High
Canada,2018,6,Potatoes,1 Kg,2.87,CAD,2.18,1,High
Canada,2018,7,Potatoes,1 Kg,2.88,CAD,2.19,1,High
Canada,2018,8,Potatoes,1 Kg,2.88,CAD,2.19,1,High
Canada,2018,9,Potatoes,1 Kg,2.89,CAD,2.19,1,High
Canada,2018,10,Potatoes,1 Kg,2.89,CAD,2.20,1,High
Canada,2018,11,Potatoes,1 Kg,2.90,CAD,2.20,1,High
Canada,2018,12,Potatoes,1 Kg,2.90,CAD,2.21,1,High
Canada,2019,1,Potatoes,1 Kg,2.91,CAD,2.21,1,High
Canada,2019,2,Potatoes,1 Kg,2.91,CAD,2.21,1,High
Canada,2019,3,Potatoes,1 Kg,2.92,CAD,2.22,1,High
Canada,2019,4,Potatoes,1 Kg,2.92,CAD,2.22,1,High
Canada,2019,5,Potatoes,1 Kg,2.93,CAD,2.22,1,High
Canada,2019,6,Potatoes,1 Kg,2.93,CAD,2.23,1,High
Canada,2019,7,Potatoes,1 Kg,2.94,CAD,2.23,1,High
Canada,2019,8,Potatoes,1 Kg,2.94,CAD,2.24,1,High
Canada,2019,9,Potatoes,1 Kg,2.95,CAD,2.24,1,High
Canada,2019,10,Potatoes,1 Kg,2.95,CAD,2.24,1,High
Canada,2019,11,Potatoes,1 Kg,2.96,CAD,2.25,1,High
Canada,2019,12,Potatoes,1 Kg,2.96,CAD,2.25,1,High
Canada,2020,1,Potatoes,1 Kg,2.97,CAD,2.26,1,High
Canada,2020,2,Potatoes,1 Kg,2.97,CAD,2.26,1,High
Canada,2020,3,Potatoes,1 Kg,2.97,CAD,2.26,1,High
Canada,2020,4,Potatoes,1 Kg,2.97,CAD,2.26,1,High
Canada,2020,5,Potatoes,1 Kg,2.97,CAD,2.26,1,High
Canada,2020,6,Potatoes,1 Kg,2.98,CAD,2.26,1,High
Canada,2020,7,Potatoes,1 Kg,2.98,CAD,2.26,1,High
Canada,2020,8,Potatoes,1 Kg,2.98,CAD,2.26,1,High
Canada,2020,9,Potatoes,1 Kg,2.98,CAD,2.27,1,High
Canada,2020,10,Potatoes,1 Kg,2.98,CAD,2.27,1,High
Canada,2020,11,Potatoes,1 Kg,2.98,CAD,2.27,1,High
Canada,2020,12,Potatoes,1 Kg,2.99,CAD,2.27,1,High
Canada,2021,1,Potatoes,1 Kg,2.99,CAD,2.27,1,High
Canada,2021,2,Potatoes,1 Kg,3.00,CAD,2.28,1,High
Canada,2021,3,Potatoes,1 Kg,3.01,CAD,2.28,1,High
Canada,2021,4,Potatoes,1 Kg,3.01,CAD,2.29,1,High
Canada,2021,5,Potatoes,1 Kg,3.02,CAD,2.30,1,High
Canada,2021,6,Potatoes,1 Kg,3.03,CAD,2.30,1,High
Canada,2021,7,Potatoes,1 Kg,3.04,CAD,2.31,1,High
Canada,2021,8,Potatoes,1 Kg,3.05,CAD,2.32,1,High
Canada,2021,9,Potatoes,1 Kg,3.06,CAD,2.32,1,High
Canada,2021,10,Potatoes,1 Kg,3.06,CAD,2.33,1,High
Canada,2021,11,Potatoes,1 Kg,3.07,CAD,2.34,1,High
Canada,2021,12,Potatoes,1 Kg,3.08,CAD,2.34,1,High
Canada,2022,1,Potatoes,1 Kg,3.09,CAD,2.35,1,High
Canada,2022,2,Potatoes,1 Kg,3.10,CAD,2.36,1,High
Canada,2022,3,Potatoes,1 Kg,3.11,CAD,2.37,1,High
Canada,2022,4,Potatoes,1 Kg,3.13,CAD,2.38,1,High
Canada,2022,5,Potatoes,1 Kg,3.14,CAD,2.38,1,High
Canada,2022,6,Potatoes,1 Kg,3.15,CAD,2.39,1,High
Canada,2022,7,Potatoes,1 Kg,3.16,CAD,2.40,1,High
Canada,2022,8,Potatoes,1 Kg,3.17,CAD,2.41,1,High
Canada,2022,9,Potatoes,1 Kg,3.18,CAD,2.42,1,High
Canada,2022,10,Potatoes,1 Kg,3.20,CAD,2.43,1,High
Canada,2022,11,Potatoes,1 Kg,3.21,CAD,2.44,1,High
Canada,2022,12,Potatoes,1 Kg,3.22,CAD,2.45,1,High
